Workbook

Sheet สรุปผล
A1: KU Lost & Found — ผลทดสอบตาม TEST_PLAN, TEST_CASES และ USER_MANUAL
A3: วันที่ทดสอบ | B3: 25/10/2026
A4: ผู้ทดสอบ | B4: Claude (รันตาม TEST_PLAN)
A5: เอกสารอ้างอิง | B5: docs/TEST_PLAN.md, docs/TEST_CASES.md (436 กรณี), docs/USER_MANUAL.md
A6: สภาพแวดล้อม | B6: Windows 10, Node 24, PostgreSQL 16 (localhost:5432), Microsoft Edge; ฐานทดสอบแยก (PGlite / ฐานชั่วคราว) + ตรวจฐานจริงแบบอ่านอย่างเดียว
A7: หลักฐานดิบ | B7: output/auto-test/2026-10-25T10-18-57-044Z-3739a5
A10: 1) Test Cases ตามเอกสาร (docs/TEST_CASES.md)
A11: กลุ่ม | B11: ทั้งหมด | C11: Pass | D11: Fail | E11: Fail (TODO) | F11: Blocked | G11: Not Run | H11: % ผ่าน
A12: Unit/Integration (PGlite) | B12: =COUNTIF('Test Cases (เอกสาร)'!$A:$A,"UNIT-*") -> 134 | C12: =COUNTIFS('Test Cases (เอกสาร)'!$A:$A,"UNIT-*",'Test Cases (เอกสาร)'!$J:$J,"Pass") -> 132 | D12: =COUNTIFS('Test Cases (เอกสาร)'!$A:$A,"UNIT-*",'Test Cases (เอกสาร)'!$J:$J,"Fail") -> 0 | E12: =COUNTIFS('Test Cases (เอกสาร)'!$A:$A,"UNIT-*",'Test Cases (เอกสาร)'!$J:$J,"Fail (TODO)") -> 0 | F12: =COUNTIFS('Test Cases (เอกสาร)'!$A:$A,"UNIT-*",'Test Cases (เอกสาร)'!$J:$J,"Blocked") -> 0 | G12: =COUNTIFS('Test Cases (เอกสาร)'!$A:$A,"UNIT-*",'Test Cases (เอกสาร)'!$J:$J,"Not Run") -> 2 | H12: =IF((C12+D12+E12)=0,"-",C12/(C12+D12+E12)) -> 1
A13: สิทธิ์ตามบทบาท/API | B13: =COUNTIF('Test Cases (เอกสาร)'!$A:$A,"ROLE-*") -> 106 | C13: =COUNTIFS('Test Cases (เอกสาร)'!$A:$A,"ROLE-*",'Test Cases (เอกสาร)'!$J:$J,"Pass") -> 106 | D13: =COUNTIFS('Test Cases (เอกสาร)'!$A:$A,"ROLE-*",'Test Cases (เอกสาร)'!$J:$J,"Fail") -> 0 | E13: =COUNTIFS('Test Cases (เอกสาร)'!$A:$A,"ROLE-*",'Test Cases (เอกสาร)'!$J:$J,"Fail (TODO)") -> 0 | F13: =COUNTIFS('Test Cases (เอกสาร)'!$A:$A,"ROLE-*",'Test Cases (เอกสาร)'!$J:$J,"Blocked") -> 0 | G13: =COUNTIFS('Test Cases (เอกสาร)'!$A:$A,"ROLE-*",'Test Cases (เอกสาร)'!$J:$J,"Not Run") -> 0 | H13: =IF((C13+D13+E13)=0,"-",C13/(C13+D13+E13)) -> 1
A14: PostgreSQL จริง (ฐานชั่วคราว) | B14: =COUNTIF('Test Cases (เอกสาร)'!$A:$A,"PG-*")-COUNTIF('Test Cases (เอกสาร)'!$A:$A,"PG-OP-*") -> 37 | C14: =COUNTIFS('Test Cases (เอกสาร)'!$A:$A,"PG-*",'Test Cases (เอกสาร)'!$J:$J,"Pass")-COUNTIFS('Test Cases (เอกสาร)'!$A:$A,"PG-OP-*",'Test Cases (เอกสาร)'!$J:$J,"Pass") -> 37 | D14: =COUNTIFS('Test Cases (เอกสาร)'!$A:$A,"PG-*",'Test Cases (เอกสาร)'!$J:$J,"Fail")-COUNTIFS('Test Cases (เอกสาร)'!$A:$A,"PG-OP-*",'Test Cases (เอกสาร)'!$J:$J,"Fail") -> 0 | E14: =COUNTIFS('Test Cases (เอกสาร)'!$A:$A,"PG-*",'Test Cases (เอกสาร)'!$J:$J,"Fail (TODO)")-COUNTIFS('Test Cases (เอกสาร)'!$A:$A,"PG-OP-*",'Test Cases (เอกสาร)'!$J:$J,"Fail (TODO)") -> 0 | F14: =COUNTIFS('Test Cases (เอกสาร)'!$A:$A,"PG-*",'Test Cases (เอกสาร)'!$J:$J,"Blocked")-COUNTIFS('Test Cases (เอกสาร)'!$A:$A,"PG-OP-*",'Test Cases (เอกสาร)'!$J:$J,"Blocked") -> 0 | G14: =COUNTIFS('Test Cases (เอกสาร)'!$A:$A,"PG-*",'Test Cases (เอกสาร)'!$J:$J,"Not Run")-COUNTIFS('Test Cases (เอกสาร)'!$A:$A,"PG-OP-*",'Test Cases (เอกสาร)'!$J:$J,"Not Run") -> 0 | H14: =IF((C14+D14+E14)=0,"-",C14/(C14+D14+E14)) -> 1
A15: เริ่มระบบเต็ม + PostgreSQL | B15: =COUNTIF('Test Cases (เอกสาร)'!$A:$A,"PG-OP-*") -> 3 | C15: =COUNTIFS('Test Cases (เอกสาร)'!$A:$A,"PG-OP-*",'Test Cases (เอกสาร)'!$J:$J,"Pass") -> 3 | D15: =COUNTIFS('Test Cases (เอกสาร)'!$A:$A,"PG-OP-*",'Test Cases (เอกสาร)'!$J:$J,"Fail") -> 0 | E15: =COUNTIFS('Test Cases (เอกสาร)'!$A:$A,"PG-OP-*",'Test Cases (เอกสาร)'!$J:$J,"Fail (TODO)") -> 0 | F15: =COUNTIFS('Test Cases (เอกสาร)'!$A:$A,"PG-OP-*",'Test Cases (เอกสาร)'!$J:$J,"Blocked") -> 0 | G15: =COUNTIFS('Test Cases (เอกสาร)'!$A:$A,"PG-OP-*",'Test Cases (เอกสาร)'!$J:$J,"Not Run") -> 0 | H15: =IF((C15+D15+E15)=0,"-",C15/(C15+D15+E15)) -> 1
A16: หน้าเว็บ (Playwright/Edge) | B16: =COUNTIF('Test Cases (เอกสาร)'!$A:$A,"WEB-*") -> 122 | C16: =COUNTIFS('Test Cases (เอกสาร)'!$A:$A,"WEB-*",'Test Cases (เอกสาร)'!$J:$J,"Pass") -> 122 | D16: =COUNTIFS('Test Cases (เอกสาร)'!$A:$A,"WEB-*",'Test Cases (เอกสาร)'!$J:$J,"Fail") -> 0 | E16: =COUNTIFS('Test Cases (เอกสาร)'!$A:$A,"WEB-*",'Test Cases (เอกสาร)'!$J:$J,"Fail (TODO)") -> 0 | F16: =COUNTIFS('Test Cases (เอกสาร)'!$A:$A,"WEB-*",'Test Cases (เอกสาร)'!$J:$J,"Blocked") -> 0 | G16: =COUNTIFS('Test Cases (เอกสาร)'!$A:$A,"WEB-*",'Test Cases (เอกสาร)'!$J:$J,"Not Run") -> 0 | H16: =IF((C16+D16+E16)=0,"-",C16/(C16+D16+E16)) -> 1
A17: ระบบในเครื่อง (อ่านอย่างเดียว) | B17: =COUNTIF('Test Cases (เอกสาร)'!$A:$A,"OP-*") -> 21 | C17: =COUNTIFS('Test Cases (เอกสาร)'!$A:$A,"OP-*",'Test Cases (เอกสาร)'!$J:$J,"Pass") -> 19 | D17: =COUNTIFS('Test Cases (เอกสาร)'!$A:$A,"OP-*",'Test Cases (เอกสาร)'!$J:$J,"Fail") -> 2 | E17: =COUNTIFS('Test Cases (เอกสาร)'!$A:$A,"OP-*",'Test Cases (เอกสาร)'!$J:$J,"Fail (TODO)") -> 0 | F17: =COUNTIFS('Test Cases (เอกสาร)'!$A:$A,"OP-*",'Test Cases (เอกสาร)'!$J:$J,"Blocked") -> 0 | G17: =COUNTIFS('Test Cases (เอกสาร)'!$A:$A,"OP-*",'Test Cases (เอกสาร)'!$J:$J,"Not Run") -> 0 | H17: =IF((C17+D17+E17)=0,"-",C17/(C17+D17+E17)) -> 0.9047619
A18: Static/Build/Dependency | B18: =COUNTIF('Test Cases (เอกสาร)'!$A:$A,"QA-*") -> 5 | C18: =COUNTIFS('Test Cases (เอกสาร)'!$A:$A,"QA-*",'Test Cases (เอกสาร)'!$J:$J,"Pass") -> 5 | D18: =COUNTIFS('Test Cases (เอกสาร)'!$A:$A,"QA-*",'Test Cases (เอกสาร)'!$J:$J,"Fail") -> 0 | E18: =COUNTIFS('Test Cases (เอกสาร)'!$A:$A,"QA-*",'Test Cases (เอกสาร)'!$J:$J,"Fail (TODO)") -> 0 | F18: =COUNTIFS('Test Cases (เอกสาร)'!$A:$A,"QA-*",'Test Cases (เอกสาร)'!$J:$J,"Blocked") -> 0 | G18: =COUNTIFS('Test Cases (เอกสาร)'!$A:$A,"QA-*",'Test Cases (เอกสาร)'!$J:$J,"Not Run") -> 0 | H18: =IF((C18+D18+E18)=0,"-",C18/(C18+D18+E18)) -> 1
A19: ภายนอก/ต้องใช้คนหรือ production | B19: =COUNTIF('Test Cases (เอกสาร)'!$A:$A,"EXT-*") -> 8 | C19: =COUNTIFS('Test Cases (เอกสาร)'!$A:$A,"EXT-*",'Test Cases (เอกสาร)'!$J:$J,"Pass") -> 0 | D19: =COUNTIFS('Test Cases (เอกสาร)'!$A:$A,"EXT-*",'Test Cases (เอกสาร)'!$J:$J,"Fail") -> 0 | E19: =COUNTIFS('Test Cases (เอกสาร)'!$A:$A,"EXT-*",'Test Cases (เอกสาร)'!$J:$J,"Fail (TODO)") -> 0 | F19: =COUNTIFS('Test Cases (เอกสาร)'!$A:$A,"EXT-*",'Test Cases (เอกสาร)'!$J:$J,"Blocked") -> 5 | G19: =COUNTIFS('Test Cases (เอกสาร)'!$A:$A,"EXT-*",'Test Cases (เอกสาร)'!$J:$J,"Not Run") -> 3 | H19: =IF((C19+D19+E19)=0,"-",C19/(C19+D19+E19)) -> -
A20: รวม | B20: =SUM(B12:B19) -> 436 | C20: =SUM(C12:C19) -> 424 | D20: =SUM(D12:D19) -> 2 | E20: =SUM(E12:E19) -> 0 | F20: =SUM(F12:F19) -> 5 | G20: =SUM(G12:G19) -> 5 | H20: =IF((C20+D20+E20)=0,"-",C20/(C20+D20+E20)) -> 0.99530516
A22: 2) เดินตามคู่มือผู้ใช้ (docs/USER_MANUAL.md)
A23: กลุ่ม | B23: ทั้งหมด | C23: Pass | D23: Fail | E23: Fail (TODO) | F23: Blocked | G23: Not Run | H23: % ผ่าน
A24: ทุกขั้นตอนในคู่มือ | B24: =COUNTIF('User Manual'!$A:$A,"UM-*") -> 19 | C24: =COUNTIFS('User Manual'!$A:$A,"UM-*",'User Manual'!$G:$G,"Pass") -> 16 | D24: =COUNTIFS('User Manual'!$A:$A,"UM-*",'User Manual'!$G:$G,"Fail") -> 2 | E24: =COUNTIFS('User Manual'!$A:$A,"UM-*",'User Manual'!$G:$G,"Fail (TODO)") -> 0 | F24: =COUNTIFS('User Manual'!$A:$A,"UM-*",'User Manual'!$G:$G,"Blocked") -> 0 | G24: =COUNTIFS('User Manual'!$A:$A,"UM-*",'User Manual'!$G:$G,"Not Run") -> 1 | H24: =IF((C24+D24+E24)=0,"-",C24/(C24+D24+E24)) -> 0.88888889
A25: รวม | B25: =SUM(B24:B24) -> 19 | C25: =SUM(C24:C24) -> 16 | D25: =SUM(D24:D24) -> 2 | E25: =SUM(E24:E24) -> 0 | F25: =SUM(F24:F24) -> 0 | G25: =SUM(G24:G24) -> 1 | H25: =IF((C25+D25+E25)=0,"-",C25/(C25+D25+E25)) -> 0.88888889
A27: คู่มือไม่ตรงกับหน้าจอ (ทั้งหมด/บางส่วน) | B27: =COUNTIF('User Manual'!$H:$H,"ไม่ตรง*")+COUNTIF('User Manual'!$H:$H,"ตรงบางส่วน*") -> 9
A29: เปรียบเทียบกับผลในเอกสาร (21 ต.ค.)
A30: เดิม Fail → รอบนี้ Pass | B30: =COUNTIFS('Test Cases (เอกสาร)'!$K:$K,"Fail",'Test Cases (เอกสาร)'!$J:$J,"Pass") -> 17
A31: เดิม Pass → รอบนี้ไม่ Pass | B31: =COUNTIFS('Test Cases (เอกสาร)'!$K:$K,"Pass",'Test Cases (เอกสาร)'!$J:$J,"<>Pass") -> 1
A32: เดิม Fail → ยัง Fail | B32: =COUNTIFS('Test Cases (เอกสาร)'!$K:$K,"Fail",'Test Cases (เอกสาร)'!$J:$J,"Fail") -> 1
A34: % ผ่าน = Pass ÷ (Pass + Fail + Fail (TODO)) ของกรณีที่รันได้ ไม่ใช่เปอร์เซ็นต์ความครบของ requirements หรือความแม่นยำของ AI (ตาม TEST_PLAN)

Sheet Test Cases (เอกสาร)
A1: รหัสกรณี | B1: กลุ่ม | C1: ฟังก์ชัน / สถานการณ์ | D1: ส่วนงาน / ไฟล์ทดสอบ | E1: เงื่อนไขก่อนทดสอบ | F1: ขั้นตอน | G1: ข้อมูลทดสอบ | H1: ผลที่คาดหวัง | I1: ผลจริง (25 ต.ค. 2569) | J1: สถานะ (รอบนี้) | K1: สถานะในเอกสาร (21 ต.ค.) | L1: ความรุนแรง/ความสำคัญ | M1: รหัสบั๊ก | N1: หลักฐาน | O1: ผู้ทดสอบ | P1: วันที่
A2: UNIT-001 | B2: Unit/Integration (PGlite) | C2: ตรวจพิกัด: ยอมรับค่า 0 และค่าขอบเขต แต่ปฏิเสธพิกัดผิดรูปแบบหรือระบุไม่ครบคู่ | D2: การทดสอบหน่วยและระบบร่วม — test/audit-regression.test.cjs | E2: ใช้ฐานจำลอง PGlite แยกจากข้อมูลจริง พร้อมการย้ายโครงสร้างและเตรียมข้อมูลตามไฟล์ทดสอบ | F2: รันกรณีทดสอบอัตโนมัติที่อ้างอิง ตรวจเงื่อนไขยืนยันผล โดยไม่เปลี่ยนผลที่คาดหวัง | G2: ข้อมูลสังเคราะห์เท่านั้น ค่าป้อนและค่าขอบเขตแต่ละรายการอยู่ในตัวกรณีทดสอบของไฟล์ที่อ้างอิง | H2: ตรวจพิกัด: ยอมรับค่า 0 และค่าขอบเขต แต่ปฏิเสธพิกัดผิดรูปแบบหรือระบุไม่ครบคู่ | I2: assertion ผ่านทั้งหมด | J2: Pass | K2: Pass | L2: ปานกลาง/P2 | N2: unit.log | O2: Claude (รันตาม TEST_PLAN) | P2: 46320
A3: UNIT-002 | B3: Unit/Integration (PGlite) | C3: ตรวจช่วงวันที่: ปฏิเสธวันที่ไม่มีจริงและช่วงที่วันสิ้นสุดอยู่ก่อนวันเริ่มต้น | D3: การทดสอบหน่วยและระบบร่วม — test/audit-regression.test.cjs | E3: ใช้ฐานจำลอง PGlite แยกจากข้อมูลจริง พร้อมการย้ายโครงสร้างและเตรียมข้อมูลตามไฟล์ทดสอบ | F3: รันกรณีทดสอบอัตโนมัติที่อ้างอิง ตรวจเงื่อนไขยืนยันผล โดยไม่เปลี่ยนผลที่คาดหวัง | G3: ข้อมูลสังเคราะห์เท่านั้น ค่าป้อนและค่าขอบเขตแต่ละรายการอยู่ในตัวกรณีทดสอบของไฟล์ที่อ้างอิง | H3: ตรวจช่วงวันที่: ปฏิเสธวันที่ไม่มีจริงและช่วงที่วันสิ้นสุดอยู่ก่อนวันเริ่มต้น | I3: assertion ผ่านทั้งหมด | J3: Pass | K3: Pass | L3: ปานกลาง/P2 | N3: unit.log | O3: Claude (รันตาม TEST_PLAN) | P3: 46320
A4: UNIT-003 | B4: Unit/Integration (PGlite) | C4: การย้ายโครงสร้างฐานข้อมูลเก่า พิกัด และตัวกรองของผู้ดูแล ทำงานได้ในฐานทดสอบแยก | D4: การทดสอบหน่วยและระบบร่วม — test/audit-regression.test.cjs | E4: ใช้ฐานจำลอง PGlite แยกจากข้อมูลจริง พร้อมการย้ายโครงสร้างและเตรียมข้อมูลตามไฟล์ทดสอบ | F4: รันกรณีทดสอบอัตโนมัติที่อ้างอิง ตรวจเงื่อนไขยืนยันผล โดยไม่เปลี่ยนผลที่คาดหวัง | G4: ข้อมูลสังเคราะห์เท่านั้น ค่าป้อนและค่าขอบเขตแต่ละรายการอยู่ในตัวกรณีทดสอบของไฟล์ที่อ้างอิง | H4: การย้ายโครงสร้างฐานข้อมูลเก่า พิกัด และตัวกรองของผู้ดูแล ทำงานได้ในฐานทดสอบแยก | I4: assertion ผ่านทั้งหมด | J4: Pass | K4: Pass | L4: ปานกลาง/P2 | N4: unit.log | O4: Claude (รันตาม TEST_PLAN) | P4: 46320
A5: UNIT-004 | B5: Unit/Integration (PGlite) | C5: การเก็บกวาดไฟล์ประกาศลบเฉพาะไฟล์ของคำขอที่ล้มเหลว โดยคงไฟล์ของประกาศที่บันทึกสำเร็จและไฟล์เก่า | D5: การทดสอบหน่วยและระบบร่วม — test/audit-regression.test.cjs | E5: ใช้ฐานจำลอง PGlite แยกจากข้อมูลจริง พร้อมการย้ายโครงสร้างและเตรียมข้อมูลตามไฟล์ทดสอบ | F5: รันกรณีทดสอบอัตโนมัติที่อ้างอิง ตรวจเงื่อนไขยืนยันผล โดยไม่เปลี่ยนผลที่คาดหวัง | G5: ข้อมูลสังเคราะห์เท่านั้น ค่าป้อนและค่าขอบเขตแต่ละรายการอยู่ในตัวกรณีทดสอบของไฟล์ที่อ้างอิง | H5: การเก็บกวาดไฟล์ประกาศลบเฉพาะไฟล์ของคำขอที่ล้มเหลว โดยคงไฟล์ของประกาศที่บันทึกสำเร็จและไฟล์เก่า | I5: assertion ผ่านทั้งหมด | J5: Pass | K5: Pass | L5: ปานกลาง/P2 | N5: unit.log | O5: Claude (รันตาม TEST_PLAN) | P5: 46320
A6: UNIT-005 | B6: Unit/Integration (PGlite) | C6: แผนที่โหลดข้อมูลครบทุกหน้า คงสถานที่ที่ไม่รู้จัก และเคารพการปกปิดพิกัด | D6: การทดสอบหน่วยและระบบร่วม — test/audit-regression.test.cjs | E6: ใช้ฐานจำลอง PGlite แยกจากข้อมูลจริง พร้อมการย้ายโครงสร้างและเตรียมข้อมูลตามไฟล์ทดสอบ | F6: รันกรณีทดสอบอัตโนมัติที่อ้างอิง ตรวจเงื่อนไขยืนยันผล โดยไม่เปลี่ยนผลที่คาดหวัง | G6: ข้อมูลสังเคราะห์เท่านั้น ค่าป้อนและค่าขอบเขตแต่ละรายการอยู่ในตัวกรณีทดสอบของไฟล์ที่อ้างอิง | H6: แผนที่โหลดข้อมูลครบทุกหน้า คงสถานที่ที่ไม่รู้จัก และเคารพการปกปิดพิกัด | I6: assertion ผ่านทั้งหมด | J6: Pass | K6: Pass | L6: ปานกลาง/P2 | N6: unit.log | O6: Claude (รันตาม TEST_PLAN) | P6: 46320
A7: UNIT-006 | B7: Unit/Integration (PGlite) | C7: การตรวจ UI กับข้อมูลแบบอ่านอย่างเดียวตรวจพบค่าที่ไม่ตรงกันและฟิลด์ที่รั่วไหล พร้อมเปรียบเทียบวันที่ใน JSON ได้ถูกต้อง | D7: การทดสอบหน่วยและระบบร่วม — test/audit-ui-data.test.cjs | E7: ใช้ฐานจำลอง PGlite แยกจากข้อมูลจริง พร้อมการย้ายโครงสร้างและเตรียมข้อมูลตามไฟล์ทดสอบ | F7: รันกรณีทดสอบอัตโนมัติที่อ้างอิง ตรวจเงื่อนไขยืนยันผล โดยไม่เปลี่ยนผลที่คาดหวัง | G7: ข้อมูลสังเคราะห์เท่านั้น ค่าป้อนและค่าขอบเขตแต่ละรายการอยู่ในตัวกรณีทดสอบของไฟล์ที่อ้างอิง | H7: การตรวจ UI กับข้อมูลแบบอ่านอย่างเดียวตรวจพบค่าที่ไม่ตรงกันและฟิลด์ที่รั่วไหล พร้อมเปรียบเทียบวันที่ใน JSON ได้ถูกต้อง | I7: assertion ผ่านทั้งหมด | J7: Pass | K7: Pass | L7: ปานกลาง/P2 | N7: unit.log | O7: Claude (รันตาม TEST_PLAN) | P7: 46320
A8: UNIT-007 | B8: Unit/Integration (PGlite) | C8: Express ไม่เปิดเผยเวอร์ชันในส่วนหัวของการตอบกลับ | D8: การทดสอบหน่วยและระบบร่วม — test/backend.test.cjs | E8: ใช้ฐานจำลอง PGlite แยกจากข้อมูลจริง พร้อมการย้ายโครงสร้างและเตรียมข้อมูลตามไฟล์ทดสอบ | F8: รันกรณีทดสอบอัตโนมัติที่อ้างอิง ตรวจเงื่อนไขยืนยันผล โดยไม่เปลี่ยนผลที่คาดหวัง | G8: ข้อมูลสังเคราะห์เท่านั้น ค่าป้อนและค่าขอบเขตแต่ละรายการอยู่ในตัวกรณีทดสอบของไฟล์ที่อ้างอิง | H8: Express ไม่เปิดเผยเวอร์ชันในส่วนหัวของการตอบกลับ | I8: assertion ผ่านทั้งหมด | J8: Pass | K8: Pass | L8: ปานกลาง/P2 | N8: unit.log | O8: Claude (รันตาม TEST_PLAN) | P8: 46320
A9: UNIT-008 | B9: Unit/Integration (PGlite) | C9: หน้าเว็บสามารถแสดงรูปที่อัปโหลดจาก API คนละต้นทางได้ | D9: การทดสอบหน่วยและระบบร่วม — test/backend.test.cjs | E9: ใช้ฐานจำลอง PGlite แยกจากข้อมูลจริง พร้อมการย้ายโครงสร้างและเตรียมข้อมูลตามไฟล์ทดสอบ | F9: รันกรณีทดสอบอัตโนมัติที่อ้างอิง ตรวจเงื่อนไขยืนยันผล โดยไม่เปลี่ยนผลที่คาดหวัง | G9: ข้อมูลสังเคราะห์เท่านั้น ค่าป้อนและค่าขอบเขตแต่ละรายการอยู่ในตัวกรณีทดสอบของไฟล์ที่อ้างอิง | H9: หน้าเว็บสามารถแสดงรูปที่อัปโหลดจาก API คนละต้นทางได้ | I9: assertion ผ่านทั้งหมด | J9: Pass | K9: Pass | L9: ปานกลาง/P2 | N9: unit.log | O9: Claude (รันตาม TEST_PLAN) | P9: 46320
A10: UNIT-009 | B10: Unit/Integration (PGlite) | C10: ให้บริการรูป AVIF เดิมได้ แต่ยังปิดกั้นไฟล์ที่ไม่ใช่รูปภาพ | D10: การทดสอบหน่วยและระบบร่วม — test/backend.test.cjs | E10: ใช้ฐานจำลอง PGlite แยกจากข้อมูลจริง พร้อมการย้ายโครงสร้างและเตรียมข้อมูลตามไฟล์ทดสอบ | F10: รันกรณีทดสอบอัตโนมัติที่อ้างอิง ตรวจเงื่อนไขยืนยันผล โดยไม่เปลี่ยนผลที่คาดหวัง | G10: ข้อมูลสังเคราะห์เท่านั้น ค่าป้อนและค่าขอบเขตแต่ละรายการอยู่ในตัวกรณีทดสอบของไฟล์ที่อ้างอิง | H10: ให้บริการรูป AVIF เดิมได้ แต่ยังปิดกั้นไฟล์ที่ไม่ใช่รูปภาพ | I10: assertion ผ่านทั้งหมด | J10: Pass | K10: Pass | L10: ปานกลาง/P2 | N10: unit.log | O10: Claude (รันตาม TEST_PLAN) | P10: 46320
A11: UNIT-010 | B11: Unit/Integration (PGlite) | C11: CORS ยอมรับการติดต่อระหว่างเซิร์ฟเวอร์ ต้นทางที่อนุญาต และต้นทางพัฒนาในเครื่อง | D11: การทดสอบหน่วยและระบบร่วม — test/backend.test.cjs | E11: ใช้ฐานจำลอง PGlite แยกจากข้อมูลจริง พร้อมการย้ายโครงสร้างและเตรียมข้อมูลตามไฟล์ทดสอบ | F11: รันกรณีทดสอบอัตโนมัติที่อ้างอิง ตรวจเงื่อนไขยืนยันผล โดยไม่เปลี่ยนผลที่คาดหวัง | G11: ข้อมูลสังเคราะห์เท่านั้น ค่าป้อนและค่าขอบเขตแต่ละรายการอยู่ในตัวกรณีทดสอบของไฟล์ที่อ้างอิง | H11: CORS ยอมรับการติดต่อระหว่างเซิร์ฟเวอร์ ต้นทางที่อนุญาต และต้นทางพัฒนาในเครื่อง | I11: assertion ผ่านทั้งหมด | J11: Pass | K11: Pass | L11: ปานกลาง/P2 | N11: unit.log | O11: Claude (รันตาม TEST_PLAN) | P11: 46320
A12: UNIT-011 | B12: Unit/Integration (PGlite) | C12: CORS ปฏิเสธต้นทางผิดรูปแบบและต้นทางที่ไม่เชื่อถือ | D12: การทดสอบหน่วยและระบบร่วม — test/backend.test.cjs | E12: ใช้ฐานจำลอง PGlite แยกจากข้อมูลจริง พร้อมการย้ายโครงสร้างและเตรียมข้อมูลตามไฟล์ทดสอบ | F12: รันกรณีทดสอบอัตโนมัติที่อ้างอิง ตรวจเงื่อนไขยืนยันผล โดยไม่เปลี่ยนผลที่คาดหวัง | G12: ข้อมูลสังเคราะห์เท่านั้น ค่าป้อนและค่าขอบเขตแต่ละรายการอยู่ในตัวกรณีทดสอบของไฟล์ที่อ้างอิง | H12: CORS ปฏิเสธต้นทางผิดรูปแบบและต้นทางที่ไม่เชื่อถือ | I12: assertion ผ่านทั้งหมด | J12: Pass | K12: Pass | L12: ปานกลาง/P2 | N12: unit.log | O12: Claude (รันตาม TEST_PLAN) | P12: 46320
A13: UNIT-012 | B13: Unit/Integration (PGlite) | C13: ระบบส่งอีเมลต้องมีข้อมูลรับรองและบังคับใช้ TLS | D13: การทดสอบหน่วยและระบบร่วม — test/backend.test.cjs | E13: ใช้ฐานจำลอง PGlite แยกจากข้อมูลจริง พร้อมการย้ายโครงสร้างและเตรียมข้อมูลตามไฟล์ทดสอบ | F13: รันกรณีทดสอบอัตโนมัติที่อ้างอิง ตรวจเงื่อนไขยืนยันผล โดยไม่เปลี่ยนผลที่คาดหวัง | G13: ข้อมูลสังเคราะห์เท่านั้น ค่าป้อนและค่าขอบเขตแต่ละรายการอยู่ในตัวกรณีทดสอบของไฟล์ที่อ้างอิง | H13: ระบบส่งอีเมลต้องมีข้อมูลรับรองและบังคับใช้ TLS | I13: assertion ผ่านทั้งหมด | J13: Pass | K13: Pass | L13: ปานกลาง/P2 | N13: unit.log | O13: Claude (รันตาม TEST_PLAN) | P13: 46320
... A170: PG-035 | B170: PostgreSQL จริง (ฐานชั่วคราว) | C170: คำขอรับคืนจากประกาศของพบโดยตรงต้องตรวจตัวตนและยืนยันการส่งมอบ | D170: การทดสอบระบบร่วมบน PostgreSQL จริง — test/workflow.test.cjs | E170: ใช้ PostgreSQL 16 จริงที่สร้างใหม่แยกต่างหาก ใส่ข้อมูลสังเคราะห์และเตรียมโครงสร้างตามไฟล์ทดสอบ แล้วลบฐานทดสอบหลังจบ | F170: รันกรณีทดสอบอัตโนมัติที่อ้างอิง ตรวจเงื่อนไขยืนยันผล โดยไม่เปลี่ยนผลที่คาดหวัง | G170: ข้อมูลสังเคราะห์เท่านั้น ค่าป้อนและค่าขอบเขตแต่ละรายการอยู่ในตัวกรณีทดสอบของไฟล์ที่อ้างอิง | H170: คำขอรับคืนจากประกาศของพบโดยตรงต้องตรวจตัวตนและยืนยันการส่งมอบ | I170: รันบน PostgreSQL ฐานชั่วคราว (ลบแล้วหลังจบ): assertion ผ่านทั้งหมด | J170: Pass | K170: Pass | L170: ปานกลาง/P2 | N170: postgres.log, foundlost_test_*.json | O170: Claude (รันตาม TEST_PLAN) | P170: 46320
A171: PG-036 | B171: PostgreSQL จริง (ฐานชั่วคราว) | C171: หากตรวจยืนยันไม่ผ่านก่อนส่งมอบ ให้ปฏิเสธคู่เดิมและนำประกาศทั้งสองเข้าคิวค้นหาคู่ใหม่ | D171: การทดสอบระบบร่วมบน PostgreSQL จริง — test/workflow.test.cjs | E171: ใช้ PostgreSQL 16 จริงที่สร้างใหม่แยกต่างหาก ใส่ข้อมูลสังเคราะห์และเตรียมโครงสร้างตามไฟล์ทดสอบ แล้วลบฐานทดสอบหลังจบ | F171: รันกรณีทดสอบอัตโนมัติที่อ้างอิง ตรวจเงื่อนไขยืนยันผล โดยไม่เปลี่ยนผลที่คาดหวัง | G171: ข้อมูลสังเคราะห์เท่านั้น ค่าป้อนและค่าขอบเขตแต่ละรายการอยู่ในตัวกรณีทดสอบของไฟล์ที่อ้างอิง | H171: หากตรวจยืนยันไม่ผ่านก่อนส่งมอบ ให้ปฏิเสธคู่เดิมและนำประกาศทั้งสองเข้าคิวค้นหาคู่ใหม่ | I171: รันบน PostgreSQL ฐานชั่วคราว (ลบแล้วหลังจบ): assertion ผ่านทั้งหมด | J171: Pass | K171: Fail | L171: ปานกลาง/P2 | M171: QA-TEST-06 | N171: postgres.log, foundlost_test_*.json | O171: Claude (รันตาม TEST_PLAN) | P171: 46320
A172: PG-037 | B172: PostgreSQL จริง (ฐานชั่วคราว) | C172: ปฏิเสธคำขอรับคืนจากประกาศของพบโดยตรงก่อนส่งมอบได้ และสิ่งของกลับมาค้นหาได้อีก | D172: การทดสอบระบบร่วมบน PostgreSQL จริง — test/workflow.test.cjs | E172: ใช้ PostgreSQL 16 จริงที่สร้างใหม่แยกต่างหาก ใส่ข้อมูลสังเคราะห์และเตรียมโครงสร้างตามไฟล์ทดสอบ แล้วลบฐานทดสอบหลังจบ | F172: รันกรณีทดสอบอัตโนมัติที่อ้างอิง ตรวจเงื่อนไขยืนยันผล โดยไม่เปลี่ยนผลที่คาดหวัง | G172: ข้อมูลสังเคราะห์เท่านั้น ค่าป้อนและค่าขอบเขตแต่ละรายการอยู่ในตัวกรณีทดสอบของไฟล์ที่อ้างอิง | H172: ปฏิเสธคำขอรับคืนจากประกาศของพบโดยตรงก่อนส่งมอบได้ และสิ่งของกลับมาค้นหาได้อีก | I172: รันบน PostgreSQL ฐานชั่วคราว (ลบแล้วหลังจบ): assertion ผ่านทั้งหมด | J172: Pass | K172: Pass | L172: ปานกลาง/P2 | N172: postgres.log, foundlost_test_*.json | O172: Claude (รันตาม TEST_PLAN) | P172: 46320
A173: WEB-001 | B173: หน้าเว็บ (Playwright/Edge) | C173: หน้าหลักผ่านการตรวจ WCAG ระดับ AA อัตโนมัติบนคอมพิวเตอร์และมือถือ | D173: การใช้งานผ่านหน้าเว็บ — accessibility.spec.js | E173: ใช้ Edge Chromium, Vite พอร์ต 4173 และ Express พอร์ต 4181 ร่วมกับข้อมูล PGlite สังเคราะห์ ใช้ตัวรัน 1 ตัวและกำหนดเวลาเดิม โดย Google/SMTP จริงถูกแทนด้วยตัวทดสอบที่ระบุชัดเจน | F173: รันกรณีทดสอบอัตโนมัติที่อ้างอิง ตรวจเงื่อนไขยืนยันผล โดยไม่เปลี่ยนผลที่คาดหวัง | G173: ข้อมูลสังเคราะห์เท่านั้น ค่าป้อนและค่าขอบเขตแต่ละรายการอยู่ในตัวกรณีทดสอบของไฟล์ที่อ้างอิง | H173: หน้าหลักผ่านการตรวจ WCAG ระดับ AA อัตโนมัติบนคอมพิวเตอร์และมือถือ | I173: รันบน Microsoft Edge กับ API + ฐานจำลอง: ผ่านทั้งหมด | J173: Pass | K173: Pass | L173: ปานกลาง/P2 | N173: browser.log, browser-results.json | O173: Claude (รันตาม TEST_PLAN) | P173: 46320
A174: WEB-002 | B174: หน้าเว็บ (Playwright/Edge) | C174: หน้าเข้าใช้ผู้ดูแลแบบสาธารณะรองรับการเข้าถึงได้ แม้ยังไม่มีเซสชัน | D174: การใช้งานผ่านหน้าเว็บ — accessibility.spec.js | E174: ใช้ Edge Chromium, Vite พอร์ต 4173 และ Express พอร์ต 4181 ร่วมกับข้อมูล PGlite สังเคราะห์ ใช้ตัวรัน 1 ตัวและกำหนดเวลาเดิม โดย Google/SMTP จริงถูกแทนด้วยตัวทดสอบที่ระบุชัดเจน | F174: รันกรณีทดสอบอัตโนมัติที่อ้างอิง ตรวจเงื่อนไขยืนยันผล โดยไม่เปลี่ยนผลที่คาดหวัง | G174: ข้อมูลสังเคราะห์เท่านั้น ค่าป้อนและค่าขอบเขตแต่ละรายการอยู่ในตัวกรณีทดสอบของไฟล์ที่อ้างอิง | H174: หน้าเข้าใช้ผู้ดูแลแบบสาธารณะรองรับการเข้าถึงได้ แม้ยังไม่มีเซสชัน | I174: รันบน Microsoft Edge กับ API + ฐานจำลอง: ผ่านทั้งหมด | J174: Pass | K174: Pass | L174: ปานกลาง/P2 | N174: browser.log, browser-results.json | O174: Claude (รันตาม TEST_PLAN) | P174: 46320
A175: WEB-003 | B175: หน้าเว็บ (Playwright/Edge) | C175: ลิงก์ข้ามไปเนื้อหาและกล่องยืนยันออกจากระบบใช้งานด้วยแป้นพิมพ์และเทคโนโลยีช่วยการเข้าถึงได้ | D175: การใช้งานผ่านหน้าเว็บ — accessibility.spec.js | E175: ใช้ Edge Chromium, Vite พอร์ต 4173 และ Express พอร์ต 4181 ร่วมกับข้อมูล PGlite สังเคราะห์ ใช้ตัวรัน 1 ตัวและกำหนดเวลาเดิม โดย Google/SMTP จริงถูกแทนด้วยตัวทดสอบที่ระบุชัดเจน | F175: รันกรณีทดสอบอัตโนมัติที่อ้างอิง ตรวจเงื่อนไขยืนยันผล โดยไม่เปลี่ยนผลที่คาดหวัง | G175: ข้อมูลสังเคราะห์เท่านั้น ค่าป้อนและค่าขอบเขตแต่ละรายการอยู่ในตัวกรณีทดสอบของไฟล์ที่อ้างอิง | H175: ลิงก์ข้ามไปเนื้อหาและกล่องยืนยันออกจากระบบใช้งานด้วยแป้นพิมพ์และเทคโนโลยีช่วยการเข้าถึงได้ | I175: รันบน Microsoft Edge กับ API + ฐานจำลอง: ผ่านทั้งหมด | J175: Pass | K175: Pass | L175: ปานกลาง/P2 | N175: browser.log, browser-results.json | O175: Claude (รันตาม TEST_PLAN) | P175: 46320
A176: WEB-004 | B176: หน้าเว็บ (Playwright/Edge) | C176: ผู้ดูแลเข้าใช้และเปลี่ยนทุกหน้าในส่วนจัดการได้ด้วยข้อมูลจาก API ที่รันจริง | D176: การใช้งานผ่านหน้าเว็บ — admin.spec.js | E176: ใช้ Edge Chromium, Vite พอร์ต 4173 และ Express พอร์ต 4181 ร่วมกับข้อมูล PGlite สังเคราะห์ ใช้ตัวรัน 1 ตัวและกำหนดเวลาเดิม โดย Google/SMTP จริงถูกแทนด้วยตัวทดสอบที่ระบุชัดเจน | F176: รันกรณีทดสอบอัตโนมัติที่อ้างอิง ตรวจเงื่อนไขยืนยันผล โดยไม่เปลี่ยนผลที่คาดหวัง | G176: ข้อมูลสังเคราะห์เท่านั้น ค่าป้อนและค่าขอบเขตแต่ละรายการอยู่ในตัวกรณีทดสอบของไฟล์ที่อ้างอิง | H176: ผู้ดูแลเข้าใช้และเปลี่ยนทุกหน้าในส่วนจัดการได้ด้วยข้อมูลจาก API ที่รันจริง | I176: รันบน Microsoft Edge กับ API + ฐานจำลอง: ผ่านทั้งหมด | J176: Pass | K176: Pass | L176: ปานกลาง/P2 | N176: browser.log, browser-results.json | O176: Claude (รันตาม TEST_PLAN) | P176: 46320
A177: WEB-005 | B177: หน้าเว็บ (Playwright/Edge) | C177: ส่วนเจ้าหน้าที่มีหน้างานปฏิบัติการครบ 6 หน้า | D177: การใช้งานผ่านหน้าเว็บ — admin.spec.js | E177: ใช้ Edge Chromium, Vite พอร์ต 4173 และ Express พอร์ต 4181 ร่วมกับข้อมูล PGlite สังเคราะห์ ใช้ตัวรัน 1 ตัวและกำหนดเวลาเดิม โดย Google/SMTP จริงถูกแทนด้วยตัวทดสอบที่ระบุชัดเจน | F177: รันกรณีทดสอบอัตโนมัติที่อ้างอิง ตรวจเงื่อนไขยืนยันผล โดยไม่เปลี่ยนผลที่คาดหวัง | G177: ข้อมูลสังเคราะห์เท่านั้น ค่าป้อนและค่าขอบเขตแต่ละรายการอยู่ในตัวกรณีทดสอบของไฟล์ที่อ้างอิง | H177: ส่วนเจ้าหน้าที่มีหน้างานปฏิบัติการครบ 6 หน้า | I177: รันบน Microsoft Edge กับ API + ฐานจำลอง: ผ่านทั้งหมด | J177: Pass | K177: Pass | L177: ปานกลาง/P2 | N177: browser.log, browser-results.json | O177: Claude (รันตาม TEST_PLAN) | P177: 46320
A178: WEB-006 | B178: หน้าเว็บ (Playwright/Edge) | C178: หน้าจัดการพอดีกับคอมพิวเตอร์และมือถือ พร้อมบันทึกภาพหน้าจอจากข้อมูลที่รันจริง | D178: การใช้งานผ่านหน้าเว็บ — admin.spec.js | E178: ใช้ Edge Chromium, Vite พอร์ต 4173 และ Express พอร์ต 4181 ร่วมกับข้อมูล PGlite สังเคราะห์ ใช้ตัวรัน 1 ตัวและกำหนดเวลาเดิม โดย Google/SMTP จริงถูกแทนด้วยตัวทดสอบที่ระบุชัดเจน | F178: รันกรณีทดสอบอัตโนมัติที่อ้างอิง ตรวจเงื่อนไขยืนยันผล โดยไม่เปลี่ยนผลที่คาดหวัง | G178: ข้อมูลสังเคราะห์เท่านั้น ค่าป้อนและค่าขอบเขตแต่ละรายการอยู่ในตัวกรณีทดสอบของไฟล์ที่อ้างอิง | H178: หน้าจัดการพอดีกับคอมพิวเตอร์และมือถือ พร้อมบันทึกภาพหน้าจอจากข้อมูลที่รันจริง | I178: รันบน Microsoft Edge กับ API + ฐานจำลอง: ผ่านทั้งหมด | J178: Pass | K178: Pass | L178: ปานกลาง/P2 | N178: browser.log, browser-results.json | O178: Claude (รันตาม TEST_PLAN) | P178: 46320
A179: WEB-007 | B179: หน้าเว็บ (Playwright/Edge) | C179: หน้าต่างแก้ไขจุดรับฝากบันทึกได้ จำกัดโฟกัสภายในกล่อง และปิดด้วย Escape ได้ | D179: การใช้งานผ่านหน้าเว็บ — admin.spec.js | E179: ใช้ Edge Chromium, Vite พอร์ต 4173 และ Express พอร์ต 4181 ร่วมกับข้อมูล PGlite สังเคราะห์ ใช้ตัวรัน 1 ตัวและกำหนดเวลาเดิม โดย Google/SMTP จริงถูกแทนด้วยตัวทดสอบที่ระบุชัดเจน | F179: รันกรณีทดสอบอัตโนมัติที่อ้างอิง ตรวจเงื่อนไขยืนยันผล โดยไม่เปลี่ยนผลที่คาดหวัง | G179: ข้อมูลสังเคราะห์เท่านั้น ค่าป้อนและค่าขอบเขตแต่ละรายการอยู่ในตัวกรณีทดสอบของไฟล์ที่อ้างอิง | H179: หน้าต่างแก้ไขจุดรับฝากบันทึกได้ จำกัดโฟกัสภายในกล่อง และปิดด้วย Escape ได้ | I179: รันบน Microsoft Edge กับ API + ฐานจำลอง: ผ่านทั้งหมด | J179: Pass | K179: Pass | L179: ปานกลาง/P2 | N179: browser.log, browser-results.json | O179: Claude (รันตาม TEST_PLAN) | P179: 46320
A180: WEB-008 | B180: หน้าเว็บ (Playwright/Edge) | C180: หน้าสถิติดาวน์โหลดไฟล์ Excel จริง และมีรูปแบบรายงานสำหรับพิมพ์ | D180: การใช้งานผ่านหน้าเว็บ — admin.spec.js | E180: ใช้ Edge Chromium, Vite พอร์ต 4173 และ Express พอร์ต 4181 ร่วมกับข้อมูล PGlite สังเคราะห์ ใช้ตัวรัน 1 ตัวและกำหนดเวลาเดิม โดย Google/SMTP จริงถูกแทนด้วยตัวทดสอบที่ระบุชัดเจน | F180: รันกรณีทดสอบอัตโนมัติที่อ้างอิง ตรวจเงื่อนไขยืนยันผล โดยไม่เปลี่ยนผลที่คาดหวัง | G180: ข้อมูลสังเคราะห์เท่านั้น ค่าป้อนและค่าขอบเขตแต่ละรายการอยู่ในตัวกรณีทดสอบของไฟล์ที่อ้างอิง | H180: หน้าสถิติดาวน์โหลดไฟล์ Excel จริง และมีรูปแบบรายงานสำหรับพิมพ์ | I180: รันบน Microsoft Edge กับ API + ฐานจำลอง: ผ่านทั้งหมด | J180: Pass | K180: Pass | L180: ปานกลาง/P2 | N180: browser.log, browser-results.json | O180: Claude (รันตาม TEST_PLAN) | P180: 46320
A181: WEB-009 | B181: หน้าเว็บ (Playwright/Edge) | C181: ผู้ใช้ส่งคำขอโดยระบุลักษณะเฉพาะที่ปกปิด จากนั้นเจ้าหน้าที่อนุมัติและส่งมอบสิ่งของ | D181: การใช้งานผ่านหน้าเว็บ — admin.spec.js | E181: ใช้ Edge Chromium, Vite พอร์ต 4173 และ Express พอร์ต 4181 ร่วมกับข้อมูล PGlite สังเคราะห์ ใช้ตัวรัน 1 ตัวและกำหนดเวลาเดิม โดย Google/SMTP จริงถูกแทนด้วยตัวทดสอบที่ระบุชัดเจน | F181: รันกรณีทดสอบอัตโนมัติที่อ้างอิง ตรวจเงื่อนไขยืนยันผล โดยไม่เปลี่ยนผลที่คาดหวัง | G181: ข้อมูลสังเคราะห์เท่านั้น ค่าป้อนและค่าขอบเขตแต่ละรายการอยู่ในตัวกรณีทดสอบของไฟล์ที่อ้างอิง | H181: ผู้ใช้ส่งคำขอโดยระบุลักษณะเฉพาะที่ปกปิด จากนั้นเจ้าหน้าที่อนุมัติและส่งมอบสิ่งของ | I181: รันบน Microsoft Edge กับ API + ฐานจำลอง: ผ่านทั้งหมด | J181: Pass | K181: Pass | L181: ปานกลาง/P2 | N181: browser.log, browser-results.json | O181: Claude (รันตาม TEST_PLAN) | P181: 46320
A182: WEB-010 | B182: หน้าเว็บ (Playwright/Edge) | C182: เมื่อค้นหาล้มเหลว ให้ลบการ์ดผลเก่า และเมื่อลองใหม่ต้องแสดงผลใหม่ | D182: การใช้งานผ่านหน้าเว็บ — audit-regression.spec.js | E182: ใช้ Edge Chromium, Vite พอร์ต 4173 และ Express พอร์ต 4181 ร่วมกับข้อมูล PGlite สังเคราะห์ ใช้ตัวรัน 1 ตัวและกำหนดเวลาเดิม โดย Google/SMTP จริงถูกแทนด้วยตัวทดสอบที่ระบุชัดเจน | F182: รันกรณีทดสอบอัตโนมัติที่อ้างอิง ตรวจเงื่อนไขยืนยันผล โดยไม่เปลี่ยนผลที่คาดหวัง | G182: ข้อมูลสังเคราะห์เท่านั้น ค่าป้อนและค่าขอบเขตแต่ละรายการอยู่ในตัวกรณีทดสอบของไฟล์ที่อ้างอิง | H182: เมื่อค้นหาล้มเหลว ให้ลบการ์ดผลเก่า และเมื่อลองใหม่ต้องแสดงผลใหม่ | I182: รันบน Microsoft Edge กับ API + ฐานจำลอง: ผ่านทั้งหมด | J182: Pass | K182: Pass | L182: ปานกลาง/P2 | N182: browser.log, browser-results.json | O182: Claude (รันตาม TEST_PLAN) | P182: 46320
A183: WEB-011 | B183: หน้าเว็บ (Playwright/Edge) | C183: แผนที่โหลดข้อมูลตามเลขหน้า โดยไม่สร้างหมุดสมมติให้พิกัดที่ปกปิดหรือสถานที่กำหนดเอง | D183: การใช้งานผ่านหน้าเว็บ — audit-regression.spec.js | E183: ใช้ Edge Chromium, Vite พอร์ต 4173 และ Express พอร์ต 4181 ร่วมกับข้อมูล PGlite สังเคราะห์ ใช้ตัวรัน 1 ตัวและกำหนดเวลาเดิม โดย Google/SMTP จริงถูกแทนด้วยตัวทดสอบที่ระบุชัดเจน | F183: รันกรณีทดสอบอัตโนมัติที่อ้างอิง ตรวจเงื่อนไขยืนยันผล โดยไม่เปลี่ยนผลที่คาดหวัง | G183: ข้อมูลสังเคราะห์เท่านั้น ค่าป้อนและค่าขอบเขตแต่ละรายการอยู่ในตัวกรณีทดสอบของไฟล์ที่อ้างอิง | H183: แผนที่โหลดข้อมูลตามเลขหน้า โดยไม่สร้างหมุดสมมติให้พิกัดที่ปกปิดหรือสถานที่กำหนดเอง | I183: รันบน Microsoft Edge กับ API + ฐานจำลอง: ผ่านทั้งหมด | J183: Pass | K183: Pass | L183: ปานกลาง/P2 | N183: browser.log, browser-results.json | O183: Claude (รันตาม TEST_PLAN) | P183: 46320
... A192: WEB-020 | B192: หน้าเว็บ (Playwright/Edge) | C192: หน้าสาธารณะพอดีกับหน้าจอคอมพิวเตอร์และมือถือ | D192: การใช้งานผ่านหน้าเว็บ — design-responsive.spec.js | E192: ใช้ Edge Chromium, Vite พอร์ต 4173 และ Express พอร์ต 4181 ร่วมกับข้อมูล PGlite สังเคราะห์ ใช้ตัวรัน 1 ตัวและกำหนดเวลาเดิม โดย Google/SMTP จริงถูกแทนด้วยตัวทดสอบที่ระบุชัดเจน | F192: รันกรณีทดสอบอัตโนมัติที่อ้างอิง ตรวจเงื่อนไขยืนยันผล โดยไม่เปลี่ยนผลที่คาดหวัง | G192: ข้อมูลสังเคราะห์เท่านั้น ค่าป้อนและค่าขอบเขตแต่ละรายการอยู่ในตัวกรณีทดสอบของไฟล์ที่อ้างอิง | H192: หน้าสาธารณะพอดีกับหน้าจอคอมพิวเตอร์และมือถือ | I192: รันบน Microsoft Edge กับ API + ฐานจำลอง: ผ่านทั้งหมด | J192: Pass | K192: Pass | L192: ปานกลาง/P2 | N192: browser.log, browser-results.json | O192: Claude (รันตาม TEST_PLAN) | P192: 46320
A193: WEB-021 | B193: หน้าเว็บ (Playwright/Edge) | C193: กดการ์ดรายการแล้วเปิดหน้ารายละเอียดที่ใช้งานได้ | D193: การใช้งานผ่านหน้าเว็บ — design-responsive.spec.js | E193: ใช้ Edge Chromium, Vite พอร์ต 4173 และ Express พอร์ต 4181 ร่วมกับข้อมูล PGlite สังเคราะห์ ใช้ตัวรัน 1 ตัวและกำหนดเวลาเดิม โดย Google/SMTP จริงถูกแทนด้วยตัวทดสอบที่ระบุชัดเจน | F193: รันกรณีทดสอบอัตโนมัติที่อ้างอิง ตรวจเงื่อนไขยืนยันผล โดยไม่เปลี่ยนผลที่คาดหวัง | G193: ข้อมูลสังเคราะห์เท่านั้น ค่าป้อนและค่าขอบเขตแต่ละรายการอยู่ในตัวกรณีทดสอบของไฟล์ที่อ้างอิง | H193: กดการ์ดรายการแล้วเปิดหน้ารายละเอียดที่ใช้งานได้ | I193: รันบน Microsoft Edge กับ API + ฐานจำลอง: ผ่านทั้งหมด | J193: Pass | K193: Fail | L193: ปานกลาง/P2 | M193: QA-TEST-01 | N193: browser.log, browser-results.json | O193: Claude (รันตาม TEST_PLAN) | P193: 46320
A194: WEB-022 | B194: หน้าเว็บ (Playwright/Edge) | C194: โปรไฟล์และรายละเอียดสิ่งของแสดงค่าจาก API ถูกต้องบนคอมพิวเตอร์และมือถือ | D194: การใช้งานผ่านหน้าเว็บ — design-responsive.spec.js | E194: ใช้ Edge Chromium, Vite พอร์ต 4173 และ Express พอร์ต 4181 ร่วมกับข้อมูล PGlite สังเคราะห์ ใช้ตัวรัน 1 ตัวและกำหนดเวลาเดิม โดย Google/SMTP จริงถูกแทนด้วยตัวทดสอบที่ระบุชัดเจน | F194: รันกรณีทดสอบอัตโนมัติที่อ้างอิง ตรวจเงื่อนไขยืนยันผล โดยไม่เปลี่ยนผลที่คาดหวัง | G194: ข้อมูลสังเคราะห์เท่านั้น ค่าป้อนและค่าขอบเขตแต่ละรายการอยู่ในตัวกรณีทดสอบของไฟล์ที่อ้างอิง | H194: โปรไฟล์และรายละเอียดสิ่งของแสดงค่าจาก API ถูกต้องบนคอมพิวเตอร์และมือถือ | I194: รันบน Microsoft Edge กับ API + ฐานจำลอง: ผ่านทั้งหมด | J194: Pass | K194: Fail | L194: ปานกลาง/P2 | M194: QA-TEST-01 | N194: browser.log, browser-results.json | O194: Claude (รันตาม TEST_PLAN) | P194: 46320
A195: WEB-023 | B195: หน้าเว็บ (Playwright/Edge) | C195: ฟอร์มแจ้งของพบให้เลือกเฉพาะจุดรับฝากที่ระบบตั้งค่าไว้ | D195: การใช้งานผ่านหน้าเว็บ — design-responsive.spec.js | E195: ใช้ Edge Chromium, Vite พอร์ต 4173 และ Express พอร์ต 4181 ร่วมกับข้อมูล PGlite สังเคราะห์ ใช้ตัวรัน 1 ตัวและกำหนดเวลาเดิม โดย Google/SMTP จริงถูกแทนด้วยตัวทดสอบที่ระบุชัดเจน | F195: รันกรณีทดสอบอัตโนมัติที่อ้างอิง ตรวจเงื่อนไขยืนยันผล โดยไม่เปลี่ยนผลที่คาดหวัง | G195: ข้อมูลสังเคราะห์เท่านั้น ค่าป้อนและค่าขอบเขตแต่ละรายการอยู่ในตัวกรณีทดสอบของไฟล์ที่อ้างอิง | H195: ฟอร์มแจ้งของพบให้เลือกเฉพาะจุดรับฝากที่ระบบตั้งค่าไว้ | I195: รันบน Microsoft Edge กับ API + ฐานจำลอง: ผ่านทั้งหมด | J195: Pass | K195: Pass | L195: ปานกลาง/P2 | N195: browser.log, browser-results.json | O195: Claude (รันตาม TEST_PLAN) | P195: 46320
A196: WEB-024 | B196: หน้าเว็บ (Playwright/Edge) | C196: แบบอักษร Prompt โหลดและถูกใช้ในหน้าสาธารณะ หน้าเข้าใช้ หน้าผู้ดูแล และหน้าแอป | D196: การใช้งานผ่านหน้าเว็บ — font.spec.js | E196: ใช้ Edge Chromium, Vite พอร์ต 4173 และ Express พอร์ต 4181 ร่วมกับข้อมูล PGlite สังเคราะห์ ใช้ตัวรัน 1 ตัวและกำหนดเวลาเดิม โดย Google/SMTP จริงถูกแทนด้วยตัวทดสอบที่ระบุชัดเจน | F196: รันกรณีทดสอบอัตโนมัติที่อ้างอิง ตรวจเงื่อนไขยืนยันผล โดยไม่เปลี่ยนผลที่คาดหวัง | G196: ข้อมูลสังเคราะห์เท่านั้น ค่าป้อนและค่าขอบเขตแต่ละรายการอยู่ในตัวกรณีทดสอบของไฟล์ที่อ้างอิง | H196: แบบอักษร Prompt โหลดและถูกใช้ในหน้าสาธารณะ หน้าเข้าใช้ หน้าผู้ดูแล และหน้าแอป | I196: รันบน Microsoft Edge กับ API + ฐานจำลอง: ผ่านทั้งหมด | J196: Pass | K196: Pass | L196: ปานกลาง/P2 | N196: browser.log, browser-results.json | O196: Claude (รันตาม TEST_PLAN) | P196: 46320
A197: WEB-025 | B197: หน้าเว็บ (Playwright/Edge) | C197: หน้าเข้าใช้มีข้อความเตือนใต้ช่องตามภาษาที่เลือก โฟกัสช่องผิด และไม่เปลี่ยนไบต์รหัสผ่าน | D197: การใช้งานผ่านหน้าเว็บ — form-validation.spec.js | E197: ใช้ Edge Chromium, Vite พอร์ต 4173 และ Express พอร์ต 4181 ร่วมกับข้อมูล PGlite สังเคราะห์ ใช้ตัวรัน 1 ตัวและกำหนดเวลาเดิม โดย Google/SMTP จริงถูกแทนด้วยตัวทดสอบที่ระบุชัดเจน | F197: รันกรณีทดสอบอัตโนมัติที่อ้างอิง ตรวจเงื่อนไขยืนยันผล โดยไม่เปลี่ยนผลที่คาดหวัง | G197: ข้อมูลสังเคราะห์เท่านั้น ค่าป้อนและค่าขอบเขตแต่ละรายการอยู่ในตัวกรณีทดสอบของไฟล์ที่อ้างอิง | H197: หน้าเข้าใช้มีข้อความเตือนใต้ช่องตามภาษาที่เลือก โฟกัสช่องผิด และไม่เปลี่ยนไบต์รหัสผ่าน | I197: รันบน Microsoft Edge กับ API + ฐานจำลอง: ผ่านทั้งหมด | J197: Pass | K197: Pass | L197: ปานกลาง/P2 | N197: browser.log, browser-results.json | O197: Claude (รันตาม TEST_PLAN) | P197: 46320
A198: WEB-026 | B198: หน้าเว็บ (Playwright/Edge) | C198: ช่องตัวเลขที่ลบว่างต้องยังว่าง และส่งค่า 0 ที่กรอกจริงเป็นตัวเลข | D198: การใช้งานผ่านหน้าเว็บ — form-validation.spec.js | E198: ใช้ Edge Chromium, Vite พอร์ต 4173 และ Express พอร์ต 4181 ร่วมกับข้อมูล PGlite สังเคราะห์ ใช้ตัวรัน 1 ตัวและกำหนดเวลาเดิม โดย Google/SMTP จริงถูกแทนด้วยตัวทดสอบที่ระบุชัดเจน | F198: รันกรณีทดสอบอัตโนมัติที่อ้างอิง ตรวจเงื่อนไขยืนยันผล โดยไม่เปลี่ยนผลที่คาดหวัง | G198: ข้อมูลสังเคราะห์เท่านั้น ค่าป้อนและค่าขอบเขตแต่ละรายการอยู่ในตัวกรณีทดสอบของไฟล์ที่อ้างอิง | H198: ช่องตัวเลขที่ลบว่างต้องยังว่าง และส่งค่า 0 ที่กรอกจริงเป็นตัวเลข | I198: รันบน Microsoft Edge กับ API + ฐานจำลอง: ผ่านทั้งหมด | J198: Pass | K198: Pass | L198: ปานกลาง/P2 | N198: browser.log, browser-results.json | O198: Claude (รันตาม TEST_PLAN) | P198: 46320
A199: WEB-027 | B199: หน้าเว็บ (Playwright/Edge) | C199: คำขอที่มีแต่ช่องว่างถูกปิดกั้นก่อนเรียก API ที่ /services | D199: การใช้งานผ่านหน้าเว็บ — form-validation.spec.js | E199: ใช้ Edge Chromium, Vite พอร์ต 4173 และ Express พอร์ต 4181 ร่วมกับข้อมูล PGlite สังเคราะห์ ใช้ตัวรัน 1 ตัวและกำหนดเวลาเดิม โดย Google/SMTP จริงถูกแทนด้วยตัวทดสอบที่ระบุชัดเจน | F199: รันกรณีทดสอบอัตโนมัติที่อ้างอิง ตรวจเงื่อนไขยืนยันผล โดยไม่เปลี่ยนผลที่คาดหวัง | G199: ข้อมูลสังเคราะห์เท่านั้น ค่าป้อนและค่าขอบเขตแต่ละรายการอยู่ในตัวกรณีทดสอบของไฟล์ที่อ้างอิง | H199: คำขอที่มีแต่ช่องว่างถูกปิดกั้นก่อนเรียก API ที่ /services | I199: รันบน Microsoft Edge กับ API + ฐานจำลอง: ผ่านทั้งหมด | J199: Pass | K199: Pass | L199: ปานกลาง/P2 | N199: browser.log, browser-results.json | O199: Claude (รันตาม TEST_PLAN) | P199: 46320
A200: WEB-028 | B200: หน้าเว็บ (Playwright/Edge) | C200: คำขอที่มีแต่ช่องว่างถูกปิดกั้นก่อนเรียก API ที่ /privacy | D200: การใช้งานผ่านหน้าเว็บ — form-validation.spec.js | E200: ใช้ Edge Chromium, Vite พอร์ต 4173 และ Express พอร์ต 4181 ร่วมกับข้อมูล PGlite สังเคราะห์ ใช้ตัวรัน 1 ตัวและกำหนดเวลาเดิม โดย Google/SMTP จริงถูกแทนด้วยตัวทดสอบที่ระบุชัดเจน | F200: รันกรณีทดสอบอัตโนมัติที่อ้างอิง ตรวจเงื่อนไขยืนยันผล โดยไม่เปลี่ยนผลที่คาดหวัง | G200: ข้อมูลสังเคราะห์เท่านั้น ค่าป้อนและค่าขอบเขตแต่ละรายการอยู่ในตัวกรณีทดสอบของไฟล์ที่อ้างอิง | H200: คำขอที่มีแต่ช่องว่างถูกปิดกั้นก่อนเรียก API ที่ /privacy | I200: รันบน Microsoft Edge กับ API + ฐานจำลอง: ผ่านทั้งหมด | J200: Pass | K200: Pass | L200: ปานกลาง/P2 | N200: browser.log, browser-results.json | O200: Claude (รันตาม TEST_PLAN) | P200: 46320
A201: WEB-029 | B201: หน้าเว็บ (Playwright/Edge) | C201: หน้า OTP อธิบายเหตุผลที่ปุ่มถูกปิด และอัปเดตจำนวนหลักที่กรอกในทั้งสองภาษา | D201: การใช้งานผ่านหน้าเว็บ — form-validation.spec.js | E201: ใช้ Edge Chromium, Vite พอร์ต 4173 และ Express พอร์ต 4181 ร่วมกับข้อมูล PGlite สังเคราะห์ ใช้ตัวรัน 1 ตัวและกำหนดเวลาเดิม โดย Google/SMTP จริงถูกแทนด้วยตัวทดสอบที่ระบุชัดเจน | F201: รันกรณีทดสอบอัตโนมัติที่อ้างอิง ตรวจเงื่อนไขยืนยันผล โดยไม่เปลี่ยนผลที่คาดหวัง | G201: ข้อมูลสังเคราะห์เท่านั้น ค่าป้อนและค่าขอบเขตแต่ละรายการอยู่ในตัวกรณีทดสอบของไฟล์ที่อ้างอิง | H201: หน้า OTP อธิบายเหตุผลที่ปุ่มถูกปิด และอัปเดตจำนวนหลักที่กรอกในทั้งสองภาษา | I201: รันบน Microsoft Edge กับ API + ฐานจำลอง: ผ่านทั้งหมด | J201: Pass | K201: Pass | L201: ปานกลาง/P2 | N201: browser.log, browser-results.json | O201: Claude (รันตาม TEST_PLAN) | P201: 46320
A202: WEB-030 | B202: หน้าเว็บ (Playwright/Edge) | C202: รูปที่ลากวางผ่านการตรวจอัปโหลด และการล้างฟอร์มลบข้อความผิดพลาดเดิม | D202: การใช้งานผ่านหน้าเว็บ — form-validation.spec.js | E202: ใช้ Edge Chromium, Vite พอร์ต 4173 และ Express พอร์ต 4181 ร่วมกับข้อมูล PGlite สังเคราะห์ ใช้ตัวรัน 1 ตัวและกำหนดเวลาเดิม โดย Google/SMTP จริงถูกแทนด้วยตัวทดสอบที่ระบุชัดเจน | F202: รันกรณีทดสอบอัตโนมัติที่อ้างอิง ตรวจเงื่อนไขยืนยันผล โดยไม่เปลี่ยนผลที่คาดหวัง | G202: ข้อมูลสังเคราะห์เท่านั้น ค่าป้อนและค่าขอบเขตแต่ละรายการอยู่ในตัวกรณีทดสอบของไฟล์ที่อ้างอิง | H202: รูปที่ลากวางผ่านการตรวจอัปโหลด และการล้างฟอร์มลบข้อความผิดพลาดเดิม | I202: รันบน Microsoft Edge กับ API + ฐานจำลอง: ผ่านทั้งหมด | J202: Pass | K202: Pass | L202: ปานกลาง/P2 | N202: browser.log, browser-results.json | O202: Claude (รันตาม TEST_PLAN) | P202: 46320
A203: WEB-031 | B203: หน้าเว็บ (Playwright/Edge) | C203: หน้าตรวจคำขอรับคืนโดยตรงของเจ้าหน้าที่อธิบายเมื่อขาดหมายเหตุหรือการยืนยันตัวตน | D203: การใช้งานผ่านหน้าเว็บ — form-validation.spec.js | E203: ใช้ Edge Chromium, Vite พอร์ต 4173 และ Express พอร์ต 4181 ร่วมกับข้อมูล PGlite สังเคราะห์ ใช้ตัวรัน 1 ตัวและกำหนดเวลาเดิม โดย Google/SMTP จริงถูกแทนด้วยตัวทดสอบที่ระบุชัดเจน | F203: รันกรณีทดสอบอัตโนมัติที่อ้างอิง ตรวจเงื่อนไขยืนยันผล โดยไม่เปลี่ยนผลที่คาดหวัง | G203: ข้อมูลสังเคราะห์เท่านั้น ค่าป้อนและค่าขอบเขตแต่ละรายการอยู่ในตัวกรณีทดสอบของไฟล์ที่อ้างอิง | H203: หน้าตรวจคำขอรับคืนโดยตรงของเจ้าหน้าที่อธิบายเมื่อขาดหมายเหตุหรือการยืนยันตัวตน | I203: รันบน Microsoft Edge กับ API + ฐานจำลอง: ผ่านทั้งหมด | J203: Pass | K203: Pass | L203: ปานกลาง/P2 | N203: browser.log, browser-results.json | O203: Claude (รันตาม TEST_PLAN) | P203: 46320
A204: WEB-032 | B204: หน้าเว็บ (Playwright/Edge) | C204: เจ้าหน้าที่ปฏิเสธคำขอที่อนุมัติแล้วก่อนส่งมอบได้ โดยต้องระบุเหตุผล | D204: การใช้งานผ่านหน้าเว็บ — form-validation.spec.js | E204: ใช้ Edge Chromium, Vite พอร์ต 4173 และ Express พอร์ต 4181 ร่วมกับข้อมูล PGlite สังเคราะห์ ใช้ตัวรัน 1 ตัวและกำหนดเวลาเดิม โดย Google/SMTP จริงถูกแทนด้วยตัวทดสอบที่ระบุชัดเจน | F204: รันกรณีทดสอบอัตโนมัติที่อ้างอิง ตรวจเงื่อนไขยืนยันผล โดยไม่เปลี่ยนผลที่คาดหวัง | G204: ข้อมูลสังเคราะห์เท่านั้น ค่าป้อนและค่าขอบเขตแต่ละรายการอยู่ในตัวกรณีทดสอบของไฟล์ที่อ้างอิง | H204: เจ้าหน้าที่ปฏิเสธคำขอที่อนุมัติแล้วก่อนส่งมอบได้ โดยต้องระบุเหตุผล | I204: รันบน Microsoft Edge กับ API + ฐานจำลอง: ผ่านทั้งหมด | J204: Pass | K204: Pass | L204: ปานกลาง/P2 | N204: browser.log, browser-results.json | O204: Claude (รันตาม TEST_PLAN) | P204: 46320
A205: WEB-033 | B205: หน้าเว็บ (Playwright/Edge) | C205: การเปลี่ยนภาษาคงรูปแบบหน้าต้อนรับเดิม และยังใช้ลิงก์ข้ามเนื้อหาด้วยแป้นพิมพ์ได้ | D205: การใช้งานผ่านหน้าเว็บ — github-features.spec.js | E205: ใช้ Edge Chromium, Vite พอร์ต 4173 และ Express พอร์ต 4181 ร่วมกับข้อมูล PGlite สังเคราะห์ ใช้ตัวรัน 1 ตัวและกำหนดเวลาเดิม โดย Google/SMTP จริงถูกแทนด้วยตัวทดสอบที่ระบุชัดเจน | F205: รันกรณีทดสอบอัตโนมัติที่อ้างอิง ตรวจเงื่อนไขยืนยันผล โดยไม่เปลี่ยนผลที่คาดหวัง | G205: ข้อมูลสังเคราะห์เท่านั้น ค่าป้อนและค่าขอบเขตแต่ละรายการอยู่ในตัวกรณีทดสอบของไฟล์ที่อ้างอิง | H205: การเปลี่ยนภาษาคงรูปแบบหน้าต้อนรับเดิม และยังใช้ลิงก์ข้ามเนื้อหาด้วยแป้นพิมพ์ได้ | I205: รันบน Microsoft Edge กับ API + ฐานจำลอง: ผ่านทั้งหมด | J205: Pass | K205: Pass | L205: ปานกลาง/P2 | N205: browser.log, browser-results.json | O205: Claude (รันตาม TEST_PLAN) | P205: 46320
A206: WEB-034 | B206: หน้าเว็บ (Playwright/Edge) | C206: ฟอร์มประกาศส่งเฉพาะสีจริงของสิ่งของที่ผู้ใช้เลือก | D206: การใช้งานผ่านหน้าเว็บ — github-features.spec.js | E206: ใช้ Edge Chromium, Vite พอร์ต 4173 และ Express พอร์ต 4181 ร่วมกับข้อมูล PGlite สังเคราะห์ ใช้ตัวรัน 1 ตัวและกำหนดเวลาเดิม โดย Google/SMTP จริงถูกแทนด้วยตัวทดสอบที่ระบุชัดเจน | F206: รันกรณีทดสอบอัตโนมัติที่อ้างอิง ตรวจเงื่อนไขยืนยันผล โดยไม่เปลี่ยนผลที่คาดหวัง | G206: ข้อมูลสังเคราะห์เท่านั้น ค่าป้อนและค่าขอบเขตแต่ละรายการอยู่ในตัวกรณีทดสอบของไฟล์ที่อ้างอิง | H206: ฟอร์มประกาศส่งเฉพาะสีจริงของสิ่งของที่ผู้ใช้เลือก | I206: รันบน Microsoft Edge กับ API + ฐานจำลอง: ผ่านทั้งหมด | J206: Pass | K206: Pass | L206: ปานกลาง/P2 | N206: browser.log, browser-results.json | O206: Claude (รันตาม TEST_PLAN) | P206: 46320
... A208: WEB-036 | B208: หน้าเว็บ (Playwright/Edge) | C208: ปุ่ม Google ของ KU เข้าใช้บัญชีที่มีในรายชื่อได้ โดยไม่เปลี่ยนบทบาท | D208: การใช้งานผ่านหน้าเว็บ — google-auth.spec.js | E208: ใช้ Edge Chromium, Vite พอร์ต 4173 และ Express พอร์ต 4181 ร่วมกับข้อมูล PGlite สังเคราะห์ ใช้ตัวรัน 1 ตัวและกำหนดเวลาเดิม โดย Google/SMTP จริงถูกแทนด้วยตัวทดสอบที่ระบุชัดเจน | F208: รันกรณีทดสอบอัตโนมัติที่อ้างอิง ตรวจเงื่อนไขยืนยันผล โดยไม่เปลี่ยนผลที่คาดหวัง | G208: ข้อมูลสังเคราะห์เท่านั้น ค่าป้อนและค่าขอบเขตแต่ละรายการอยู่ในตัวกรณีทดสอบของไฟล์ที่อ้างอิง | H208: ปุ่ม Google ของ KU เข้าใช้บัญชีที่มีในรายชื่อได้ โดยไม่เปลี่ยนบทบาท | I208: รันบน Microsoft Edge กับ API + ฐานจำลอง: ผ่านทั้งหมด | J208: Pass | K208: Pass | L208: ปานกลาง/P2 | N208: browser.log, browser-results.json | O208: Claude (รันตาม TEST_PLAN) | P208: 46320
A209: WEB-037 | B209: หน้าเว็บ (Playwright/Edge) | C209: ชื่อเมนูแสดงเมื่อแถบข้างขยาย และสัดส่วนรูปต่างกันไม่ทำให้ขนาดการ์ดเปลี่ยน | D209: การใช้งานผ่านหน้าเว็บ — item-layout.spec.js | E209: ใช้ Edge Chromium, Vite พอร์ต 4173 และ Express พอร์ต 4181 ร่วมกับข้อมูล PGlite สังเคราะห์ ใช้ตัวรัน 1 ตัวและกำหนดเวลาเดิม โดย Google/SMTP จริงถูกแทนด้วยตัวทดสอบที่ระบุชัดเจน | F209: รันกรณีทดสอบอัตโนมัติที่อ้างอิง ตรวจเงื่อนไขยืนยันผล โดยไม่เปลี่ยนผลที่คาดหวัง | G209: ข้อมูลสังเคราะห์เท่านั้น ค่าป้อนและค่าขอบเขตแต่ละรายการอยู่ในตัวกรณีทดสอบของไฟล์ที่อ้างอิง | H209: ชื่อเมนูแสดงเมื่อแถบข้างขยาย และสัดส่วนรูปต่างกันไม่ทำให้ขนาดการ์ดเปลี่ยน | I209: รันบน Microsoft Edge กับ API + ฐานจำลอง: ผ่านทั้งหมด | J209: Pass | K209: Fail | L209: ปานกลาง/P2 | M209: QA-TEST-02 | N209: browser.log, browser-results.json | O209: Claude (รันตาม TEST_PLAN) | P209: 46320
A210: WEB-038 | B210: หน้าเว็บ (Playwright/Edge) | C210: ส่วนช่วยดำเนินการในหน้ารายละเอียดอธิบายเมื่อยังไม่มีคู่ และจัดการข้อผิดพลาดของบริการจับคู่ | D210: การใช้งานผ่านหน้าเว็บ — item-layout.spec.js | E210: ใช้ Edge Chromium, Vite พอร์ต 4173 และ Express พอร์ต 4181 ร่วมกับข้อมูล PGlite สังเคราะห์ ใช้ตัวรัน 1 ตัวและกำหนดเวลาเดิม โดย Google/SMTP จริงถูกแทนด้วยตัวทดสอบที่ระบุชัดเจน | F210: รันกรณีทดสอบอัตโนมัติที่อ้างอิง ตรวจเงื่อนไขยืนยันผล โดยไม่เปลี่ยนผลที่คาดหวัง | G210: ข้อมูลสังเคราะห์เท่านั้น ค่าป้อนและค่าขอบเขตแต่ละรายการอยู่ในตัวกรณีทดสอบของไฟล์ที่อ้างอิง | H210: ส่วนช่วยดำเนินการในหน้ารายละเอียดอธิบายเมื่อยังไม่มีคู่ และจัดการข้อผิดพลาดของบริการจับคู่ | I210: รันบน Microsoft Edge กับ API + ฐานจำลอง: ผ่านทั้งหมด | J210: Pass | K210: Fail | L210: ปานกลาง/P2 | M210: QA-TEST-03 | N210: browser.log, browser-results.json | O210: Claude (รันตาม TEST_PLAN) | P210: 46320
A211: WEB-039 | B211: หน้าเว็บ (Playwright/Edge) | C211: API อ่านสิ่งของตามรหัสตรวจตัวตน ปกปิดหลักฐาน และตอบข้อผิดพลาดที่นำไปใช้งานต่อได้ | D211: การใช้งานผ่านหน้าเว็บ — item-layout.spec.js | E211: ใช้ Edge Chromium, Vite พอร์ต 4173 และ Express พอร์ต 4181 ร่วมกับข้อมูล PGlite สังเคราะห์ ใช้ตัวรัน 1 ตัวและกำหนดเวลาเดิม โดย Google/SMTP จริงถูกแทนด้วยตัวทดสอบที่ระบุชัดเจน | F211: รันกรณีทดสอบอัตโนมัติที่อ้างอิง ตรวจเงื่อนไขยืนยันผล โดยไม่เปลี่ยนผลที่คาดหวัง | G211: ข้อมูลสังเคราะห์เท่านั้น ค่าป้อนและค่าขอบเขตแต่ละรายการอยู่ในตัวกรณีทดสอบของไฟล์ที่อ้างอิง | H211: API อ่านสิ่งของตามรหัสตรวจตัวตน ปกปิดหลักฐาน และตอบข้อผิดพลาดที่นำไปใช้งานต่อได้ | I211: รันบน Microsoft Edge กับ API + ฐานจำลอง: ผ่านทั้งหมด | J211: Pass | K211: Pass | L211: ปานกลาง/P2 | N211: browser.log, browser-results.json | O211: Claude (รันตาม TEST_PLAN) | P211: 46320
A212: WEB-040 | B212: หน้าเว็บ (Playwright/Edge) | C212: ปุ่มเปลี่ยนภาษาอยู่เฉพาะในตั้งค่าและจดจำค่าที่เลือก ที่ความกว้าง 320px | D212: การใช้งานผ่านหน้าเว็บ — language-settings.spec.js | E212: ใช้ Edge Chromium, Vite พอร์ต 4173 และ Express พอร์ต 4181 ร่วมกับข้อมูล PGlite สังเคราะห์ ใช้ตัวรัน 1 ตัวและกำหนดเวลาเดิม โดย Google/SMTP จริงถูกแทนด้วยตัวทดสอบที่ระบุชัดเจน | F212: รันกรณีทดสอบอัตโนมัติที่อ้างอิง ตรวจเงื่อนไขยืนยันผล โดยไม่เปลี่ยนผลที่คาดหวัง | G212: ข้อมูลสังเคราะห์เท่านั้น ค่าป้อนและค่าขอบเขตแต่ละรายการอยู่ในตัวกรณีทดสอบของไฟล์ที่อ้างอิง | H212: ปุ่มเปลี่ยนภาษาอยู่เฉพาะในตั้งค่าและจดจำค่าที่เลือก ที่ความกว้าง 320px | I212: รันบน Microsoft Edge กับ API + ฐานจำลอง: ผ่านทั้งหมด | J212: Pass | K212: Pass | L212: ปานกลาง/P2 | N212: browser.log, browser-results.json | O212: Claude (รันตาม TEST_PLAN) | P212: 46320
A213: WEB-041 | B213: หน้าเว็บ (Playwright/Edge) | C213: ปุ่มเปลี่ยนภาษาอยู่เฉพาะในตั้งค่าและจดจำค่าที่เลือก ที่ความกว้าง 1440px | D213: การใช้งานผ่านหน้าเว็บ — language-settings.spec.js | E213: ใช้ Edge Chromium, Vite พอร์ต 4173 และ Express พอร์ต 4181 ร่วมกับข้อมูล PGlite สังเคราะห์ ใช้ตัวรัน 1 ตัวและกำหนดเวลาเดิม โดย Google/SMTP จริงถูกแทนด้วยตัวทดสอบที่ระบุชัดเจน | F213: รันกรณีทดสอบอัตโนมัติที่อ้างอิง ตรวจเงื่อนไขยืนยันผล โดยไม่เปลี่ยนผลที่คาดหวัง | G213: ข้อมูลสังเคราะห์เท่านั้น ค่าป้อนและค่าขอบเขตแต่ละรายการอยู่ในตัวกรณีทดสอบของไฟล์ที่อ้างอิง | H213: ปุ่มเปลี่ยนภาษาอยู่เฉพาะในตั้งค่าและจดจำค่าที่เลือก ที่ความกว้าง 1440px | I213: รันบน Microsoft Edge กับ API + ฐานจำลอง: ผ่านทั้งหมด | J213: Pass | K213: Pass | L213: ปานกลาง/P2 | N213: browser.log, browser-results.json | O213: Claude (รันตาม TEST_PLAN) | P213: 46320
A214: WEB-042 | B214: หน้าเว็บ (Playwright/Edge) | C214: หน้าสาธารณะไม่มีปุ่มเปลี่ยนภาษาแบบลอย | D214: การใช้งานผ่านหน้าเว็บ — language-settings.spec.js | E214: ใช้ Edge Chromium, Vite พอร์ต 4173 และ Express พอร์ต 4181 ร่วมกับข้อมูล PGlite สังเคราะห์ ใช้ตัวรัน 1 ตัวและกำหนดเวลาเดิม โดย Google/SMTP จริงถูกแทนด้วยตัวทดสอบที่ระบุชัดเจน | F214: รันกรณีทดสอบอัตโนมัติที่อ้างอิง ตรวจเงื่อนไขยืนยันผล โดยไม่เปลี่ยนผลที่คาดหวัง | G214: ข้อมูลสังเคราะห์เท่านั้น ค่าป้อนและค่าขอบเขตแต่ละรายการอยู่ในตัวกรณีทดสอบของไฟล์ที่อ้างอิง | H214: หน้าสาธารณะไม่มีปุ่มเปลี่ยนภาษาแบบลอย | I214: รันบน Microsoft Edge กับ API + ฐานจำลอง: ผ่านทั้งหมด | J214: Pass | K214: Pass | L214: ปานกลาง/P2 | N214: browser.log, browser-results.json | O214: Claude (รันตาม TEST_PLAN) | P214: 46320
A215: WEB-043 | B215: หน้าเว็บ (Playwright/Edge) | C215: การค้นหาและสถานะภาษาอังกฤษแยกจากข้อมูลส่วนบุคคล ที่ความกว้าง 390px | D215: การใช้งานผ่านหน้าเว็บ — localization-regression.spec.js | E215: ใช้ Edge Chromium, Vite พอร์ต 4173 และ Express พอร์ต 4181 ร่วมกับข้อมูล PGlite สังเคราะห์ ใช้ตัวรัน 1 ตัวและกำหนดเวลาเดิม โดย Google/SMTP จริงถูกแทนด้วยตัวทดสอบที่ระบุชัดเจน | F215: รันกรณีทดสอบอัตโนมัติที่อ้างอิง ตรวจเงื่อนไขยืนยันผล โดยไม่เปลี่ยนผลที่คาดหวัง | G215: ข้อมูลสังเคราะห์เท่านั้น ค่าป้อนและค่าขอบเขตแต่ละรายการอยู่ในตัวกรณีทดสอบของไฟล์ที่อ้างอิง | H215: การค้นหาและสถานะภาษาอังกฤษแยกจากข้อมูลส่วนบุคคล ที่ความกว้าง 390px | I215: รันบน Microsoft Edge กับ API + ฐานจำลอง: ผ่านทั้งหมด | J215: Pass | K215: Pass | L215: ปานกลาง/P2 | N215: browser.log, browser-results.json | O215: Claude (รันตาม TEST_PLAN) | P215: 46320
A216: WEB-044 | B216: หน้าเว็บ (Playwright/Edge) | C216: การค้นหาและสถานะภาษาอังกฤษแยกจากข้อมูลส่วนบุคคล ที่ความกว้าง 1440px | D216: การใช้งานผ่านหน้าเว็บ — localization-regression.spec.js | E216: ใช้ Edge Chromium, Vite พอร์ต 4173 และ Express พอร์ต 4181 ร่วมกับข้อมูล PGlite สังเคราะห์ ใช้ตัวรัน 1 ตัวและกำหนดเวลาเดิม โดย Google/SMTP จริงถูกแทนด้วยตัวทดสอบที่ระบุชัดเจน | F216: รันกรณีทดสอบอัตโนมัติที่อ้างอิง ตรวจเงื่อนไขยืนยันผล โดยไม่เปลี่ยนผลที่คาดหวัง | G216: ข้อมูลสังเคราะห์เท่านั้น ค่าป้อนและค่าขอบเขตแต่ละรายการอยู่ในตัวกรณีทดสอบของไฟล์ที่อ้างอิง | H216: การค้นหาและสถานะภาษาอังกฤษแยกจากข้อมูลส่วนบุคคล ที่ความกว้าง 1440px | I216: รันบน Microsoft Edge กับ API + ฐานจำลอง: ผ่านทั้งหมด | J216: Pass | K216: Pass | L216: ปานกลาง/P2 | N216: browser.log, browser-results.json | O216: Claude (รันตาม TEST_PLAN) | P216: 46320
A217: WEB-045 | B217: หน้าเว็บ (Playwright/Edge) | C217: ข้อความตรวจฟอร์มและข้อผิดพลาด API ภาษาอังกฤษอัปเดตเมื่อเปลี่ยนภาษา | D217: การใช้งานผ่านหน้าเว็บ — localization-regression.spec.js | E217: ใช้ Edge Chromium, Vite พอร์ต 4173 และ Express พอร์ต 4181 ร่วมกับข้อมูล PGlite สังเคราะห์ ใช้ตัวรัน 1 ตัวและกำหนดเวลาเดิม โดย Google/SMTP จริงถูกแทนด้วยตัวทดสอบที่ระบุชัดเจน | F217: รันกรณีทดสอบอัตโนมัติที่อ้างอิง ตรวจเงื่อนไขยืนยันผล โดยไม่เปลี่ยนผลที่คาดหวัง | G217: ข้อมูลสังเคราะห์เท่านั้น ค่าป้อนและค่าขอบเขตแต่ละรายการอยู่ในตัวกรณีทดสอบของไฟล์ที่อ้างอิง | H217: ข้อความตรวจฟอร์มและข้อผิดพลาด API ภาษาอังกฤษอัปเดตเมื่อเปลี่ยนภาษา | I217: รันบน Microsoft Edge กับ API + ฐานจำลอง: ผ่านทั้งหมด | J217: Pass | K217: Pass | L217: ปานกลาง/P2 | N217: browser.log, browser-results.json | O217: Claude (รันตาม TEST_PLAN) | P217: 46320
A218: WEB-046 | B218: หน้าเว็บ (Playwright/Edge) | C218: ภาษาปุ่ม Google เปลี่ยนตาม UI และข้อความผิดพลาด Google/OTP ถูกแปล | D218: การใช้งานผ่านหน้าเว็บ — localization-regression.spec.js | E218: ใช้ Edge Chromium, Vite พอร์ต 4173 และ Express พอร์ต 4181 ร่วมกับข้อมูล PGlite สังเคราะห์ ใช้ตัวรัน 1 ตัวและกำหนดเวลาเดิม โดย Google/SMTP จริงถูกแทนด้วยตัวทดสอบที่ระบุชัดเจน | F218: รันกรณีทดสอบอัตโนมัติที่อ้างอิง ตรวจเงื่อนไขยืนยันผล โดยไม่เปลี่ยนผลที่คาดหวัง | G218: ข้อมูลสังเคราะห์เท่านั้น ค่าป้อนและค่าขอบเขตแต่ละรายการอยู่ในตัวกรณีทดสอบของไฟล์ที่อ้างอิง | H218: ภาษาปุ่ม Google เปลี่ยนตาม UI และข้อความผิดพลาด Google/OTP ถูกแปล | I218: รันบน Microsoft Edge กับ API + ฐานจำลอง: ผ่านทั้งหมด | J218: Pass | K218: Pass | L218: ปานกลาง/P2 | N218: browser.log, browser-results.json | O218: Claude (รันตาม TEST_PLAN) | P218: 46320
A219: WEB-047 | B219: หน้าเว็บ (Playwright/Edge) | C219: การแจ้งเตือนระบบภาษาอังกฤษคงชื่อและข้อความอิสระที่ไม่รู้จัก | D219: การใช้งานผ่านหน้าเว็บ — localization-regression.spec.js | E219: ใช้ Edge Chromium, Vite พอร์ต 4173 และ Express พอร์ต 4181 ร่วมกับข้อมูล PGlite สังเคราะห์ ใช้ตัวรัน 1 ตัวและกำหนดเวลาเดิม โดย Google/SMTP จริงถูกแทนด้วยตัวทดสอบที่ระบุชัดเจน | F219: รันกรณีทดสอบอัตโนมัติที่อ้างอิง ตรวจเงื่อนไขยืนยันผล โดยไม่เปลี่ยนผลที่คาดหวัง | G219: ข้อมูลสังเคราะห์เท่านั้น ค่าป้อนและค่าขอบเขตแต่ละรายการอยู่ในตัวกรณีทดสอบของไฟล์ที่อ้างอิง | H219: การแจ้งเตือนระบบภาษาอังกฤษคงชื่อและข้อความอิสระที่ไม่รู้จัก | I219: รันบน Microsoft Edge กับ API + ฐานจำลอง: ผ่านทั้งหมด | J219: Pass | K219: Pass | L219: ปานกลาง/P2 | N219: browser.log, browser-results.json | O219: Claude (รันตาม TEST_PLAN) | P219: 46320
A220: WEB-048 | B220: หน้าเว็บ (Playwright/Edge) | C220: การโพสต์ใน UI ภาษาอังกฤษบันทึกข้อมูลภาษาไทยต้นฉบับ และการเปลี่ยนภาษาไม่แก้ข้อมูลใน API | D220: การใช้งานผ่านหน้าเว็บ — localization-regression.spec.js | E220: ใช้ Edge Chromium, Vite พอร์ต 4173 และ Express พอร์ต 4181 ร่วมกับข้อมูล PGlite สังเคราะห์ ใช้ตัวรัน 1 ตัวและกำหนดเวลาเดิม โดย Google/SMTP จริงถูกแทนด้วยตัวทดสอบที่ระบุชัดเจน | F220: รันกรณีทดสอบอัตโนมัติที่อ้างอิง ตรวจเงื่อนไขยืนยันผล โดยไม่เปลี่ยนผลที่คาดหวัง | G220: ข้อมูลสังเคราะห์เท่านั้น ค่าป้อนและค่าขอบเขตแต่ละรายการอยู่ในตัวกรณีทดสอบของไฟล์ที่อ้างอิง | H220: การโพสต์ใน UI ภาษาอังกฤษบันทึกข้อมูลภาษาไทยต้นฉบับ และการเปลี่ยนภาษาไม่แก้ข้อมูลใน API | I220: รันบน Microsoft Edge กับ API + ฐานจำลอง: ผ่านทั้งหมด | J220: Pass | K220: Pass | L220: ปานกลาง/P2 | N220: browser.log, browser-results.json | O220: Claude (รันตาม TEST_PLAN) | P220: 46320
A221: WEB-049 | B221: หน้าเว็บ (Playwright/Edge) | C221: เมื่อเลือกภาษาอังกฤษ หน้าเข้าใช้ถูกแปล จดจำภาษา และคงค่าฟอร์มที่ยังไม่ส่ง | D221: การใช้งานผ่านหน้าเว็บ — localization.spec.js | E221: ใช้ Edge Chromium, Vite พอร์ต 4173 และ Express พอร์ต 4181 ร่วมกับข้อมูล PGlite สังเคราะห์ ใช้ตัวรัน 1 ตัวและกำหนดเวลาเดิม โดย Google/SMTP จริงถูกแทนด้วยตัวทดสอบที่ระบุชัดเจน | F221: รันกรณีทดสอบอัตโนมัติที่อ้างอิง ตรวจเงื่อนไขยืนยันผล โดยไม่เปลี่ยนผลที่คาดหวัง | G221: ข้อมูลสังเคราะห์เท่านั้น ค่าป้อนและค่าขอบเขตแต่ละรายการอยู่ในตัวกรณีทดสอบของไฟล์ที่อ้างอิง | H221: เมื่อเลือกภาษาอังกฤษ หน้าเข้าใช้ถูกแปล จดจำภาษา และคงค่าฟอร์มที่ยังไม่ส่ง | I221: รันบน Microsoft Edge กับ API + ฐานจำลอง: ผ่านทั้งหมด | J221: Pass | K221: Pass | L221: ปานกลาง/P2 | N221: browser.log, browser-results.json | O221: Claude (รันตาม TEST_PLAN) | P221: 46320
A222: WEB-050 | B222: หน้าเว็บ (Playwright/Edge) | C222: โปรไฟล์ รายการ และส่วนผู้ดูแลภาษาอังกฤษคงชื่อและค่าจาก API | D222: การใช้งานผ่านหน้าเว็บ — localization.spec.js | E222: ใช้ Edge Chromium, Vite พอร์ต 4173 และ Express พอร์ต 4181 ร่วมกับข้อมูล PGlite สังเคราะห์ ใช้ตัวรัน 1 ตัวและกำหนดเวลาเดิม โดย Google/SMTP จริงถูกแทนด้วยตัวทดสอบที่ระบุชัดเจน | F222: รันกรณีทดสอบอัตโนมัติที่อ้างอิง ตรวจเงื่อนไขยืนยันผล โดยไม่เปลี่ยนผลที่คาดหวัง | G222: ข้อมูลสังเคราะห์เท่านั้น ค่าป้อนและค่าขอบเขตแต่ละรายการอยู่ในตัวกรณีทดสอบของไฟล์ที่อ้างอิง | H222: โปรไฟล์ รายการ และส่วนผู้ดูแลภาษาอังกฤษคงชื่อและค่าจาก API | I222: รันบน Microsoft Edge กับ API + ฐานจำลอง: ผ่านทั้งหมด | J222: Pass | K222: Pass | L222: ปานกลาง/P2 | N222: browser.log, browser-results.json | O222: Claude (รันตาม TEST_PLAN) | P222: 46320
... A275: WEB-103 | B275: หน้าเว็บ (Playwright/Edge) | C275: รูปแบบภาษาอังกฤษและแบบความต่างสีสูงยังใช้งานได้เมื่อเลือกการลดการเคลื่อนไหว | D275: การใช้งานผ่านหน้าเว็บ — report-choice.spec.js | E275: ใช้ Edge Chromium, Vite พอร์ต 4173 และ Express พอร์ต 4181 ร่วมกับข้อมูล PGlite สังเคราะห์ ใช้ตัวรัน 1 ตัวและกำหนดเวลาเดิม โดย Google/SMTP จริงถูกแทนด้วยตัวทดสอบที่ระบุชัดเจน | F275: รันกรณีทดสอบอัตโนมัติที่อ้างอิง ตรวจเงื่อนไขยืนยันผล โดยไม่เปลี่ยนผลที่คาดหวัง | G275: ข้อมูลสังเคราะห์เท่านั้น ค่าป้อนและค่าขอบเขตแต่ละรายการอยู่ในตัวกรณีทดสอบของไฟล์ที่อ้างอิง | H275: รูปแบบภาษาอังกฤษและแบบความต่างสีสูงยังใช้งานได้เมื่อเลือกการลดการเคลื่อนไหว | I275: รันบน Microsoft Edge กับ API + ฐานจำลอง: ผ่านทั้งหมด | J275: Pass | K275: Pass | L275: ปานกลาง/P2 | N275: browser.log, browser-results.json | O275: Claude (รันตาม TEST_PLAN) | P275: 46320
A276: WEB-104 | B276: หน้าเว็บ (Playwright/Edge) | C276: บันทึกข้อจำกัดความต่างสีของชุดสี Figma เดิม โดยไม่ซ่อนผลตรวจที่ไม่ผ่าน | D276: การใช้งานผ่านหน้าเว็บ — report-choice.spec.js | E276: ใช้ Edge Chromium, Vite พอร์ต 4173 และ Express พอร์ต 4181 ร่วมกับข้อมูล PGlite สังเคราะห์ ใช้ตัวรัน 1 ตัวและกำหนดเวลาเดิม โดย Google/SMTP จริงถูกแทนด้วยตัวทดสอบที่ระบุชัดเจน | F276: รันกรณีทดสอบอัตโนมัติที่อ้างอิง ตรวจเงื่อนไขยืนยันผล โดยไม่เปลี่ยนผลที่คาดหวัง | G276: ข้อมูลสังเคราะห์เท่านั้น ค่าป้อนและค่าขอบเขตแต่ละรายการอยู่ในตัวกรณีทดสอบของไฟล์ที่อ้างอิง | H276: บันทึกข้อจำกัดความต่างสีของชุดสี Figma เดิม โดยไม่ซ่อนผลตรวจที่ไม่ผ่าน | I276: รันบน Microsoft Edge กับ API + ฐานจำลอง: ผ่านทั้งหมด (ชื่อ test เปลี่ยนเป็น “default report choices meet AA contrast without hiding violations” — ตำแหน่งเดียวกันในไฟล์) | J276: Pass | K276: Fail | L276: ปานกลาง/P2 | M276: QA-TEST-04 | N276: browser.log, browser-results.json | O276: Claude (รันตาม TEST_PLAN) | P276: 46320
A277: WEB-105 | B277: หน้าเว็บ (Playwright/Edge) | C277: การแจ้งเตือนระบบแสดงในรายการ และทำเครื่องหมายว่าอ่านแล้วได้ | D277: การใช้งานผ่านหน้าเว็บ — system-notifications.spec.js | E277: ใช้ Edge Chromium, Vite พอร์ต 4173 และ Express พอร์ต 4181 ร่วมกับข้อมูล PGlite สังเคราะห์ ใช้ตัวรัน 1 ตัวและกำหนดเวลาเดิม โดย Google/SMTP จริงถูกแทนด้วยตัวทดสอบที่ระบุชัดเจน | F277: รันกรณีทดสอบอัตโนมัติที่อ้างอิง ตรวจเงื่อนไขยืนยันผล โดยไม่เปลี่ยนผลที่คาดหวัง | G277: ข้อมูลสังเคราะห์เท่านั้น ค่าป้อนและค่าขอบเขตแต่ละรายการอยู่ในตัวกรณีทดสอบของไฟล์ที่อ้างอิง | H277: การแจ้งเตือนระบบแสดงในรายการ และทำเครื่องหมายว่าอ่านแล้วได้ | I277: รันบน Microsoft Edge กับ API + ฐานจำลอง: ผ่านทั้งหมด | J277: Pass | K277: Pass | L277: ปานกลาง/P2 | N277: browser.log, browser-results.json | O277: Claude (รันตาม TEST_PLAN) | P277: 46320
A278: WEB-106 | B278: หน้าเว็บ (Playwright/Edge) | C278: หน้าสาธารณะพอดีกับมือถือแคบและแท็บเล็ต | D278: การใช้งานผ่านหน้าเว็บ — ui-consistency.spec.js | E278: ใช้ Edge Chromium, Vite พอร์ต 4173 และ Express พอร์ต 4181 ร่วมกับข้อมูล PGlite สังเคราะห์ ใช้ตัวรัน 1 ตัวและกำหนดเวลาเดิม โดย Google/SMTP จริงถูกแทนด้วยตัวทดสอบที่ระบุชัดเจน | F278: รันกรณีทดสอบอัตโนมัติที่อ้างอิง ตรวจเงื่อนไขยืนยันผล โดยไม่เปลี่ยนผลที่คาดหวัง | G278: ข้อมูลสังเคราะห์เท่านั้น ค่าป้อนและค่าขอบเขตแต่ละรายการอยู่ในตัวกรณีทดสอบของไฟล์ที่อ้างอิง | H278: หน้าสาธารณะพอดีกับมือถือแคบและแท็บเล็ต | I278: รันบน Microsoft Edge กับ API + ฐานจำลอง: ผ่านทั้งหมด | J278: Pass | K278: Pass | L278: ปานกลาง/P2 | N278: browser.log, browser-results.json | O278: Claude (รันตาม TEST_PLAN) | P278: 46320
A279: WEB-107 | B279: หน้าเว็บ (Playwright/Edge) | C279: สถานะขณะกดมองเห็นได้โดยไม่ทำให้ตำแหน่งขยับ และปุ่มที่ปิดอยู่ยังใช้งานไม่ได้ | D279: การใช้งานผ่านหน้าเว็บ — ui-consistency.spec.js | E279: ใช้ Edge Chromium, Vite พอร์ต 4173 และ Express พอร์ต 4181 ร่วมกับข้อมูล PGlite สังเคราะห์ ใช้ตัวรัน 1 ตัวและกำหนดเวลาเดิม โดย Google/SMTP จริงถูกแทนด้วยตัวทดสอบที่ระบุชัดเจน | F279: รันกรณีทดสอบอัตโนมัติที่อ้างอิง ตรวจเงื่อนไขยืนยันผล โดยไม่เปลี่ยนผลที่คาดหวัง | G279: ข้อมูลสังเคราะห์เท่านั้น ค่าป้อนและค่าขอบเขตแต่ละรายการอยู่ในตัวกรณีทดสอบของไฟล์ที่อ้างอิง | H279: สถานะขณะกดมองเห็นได้โดยไม่ทำให้ตำแหน่งขยับ และปุ่มที่ปิดอยู่ยังใช้งานไม่ได้ | I279: รันบน Microsoft Edge กับ API + ฐานจำลอง: ผ่านทั้งหมด | J279: Pass | K279: Fail | L279: ปานกลาง/P2 | M279: QA-TEST-05 | N279: browser.log, browser-results.json | O279: Claude (รันตาม TEST_PLAN) | P279: 46320
A280: WEB-108 | B280: หน้าเว็บ (Playwright/Edge) | C280: กล่องยืนยันพอดีกับจอเตี้ย กักโฟกัสภายใน และคืนโฟกัสให้ปุ่มที่เปิดกล่อง | D280: การใช้งานผ่านหน้าเว็บ — ui-consistency.spec.js | E280: ใช้ Edge Chromium, Vite พอร์ต 4173 และ Express พอร์ต 4181 ร่วมกับข้อมูล PGlite สังเคราะห์ ใช้ตัวรัน 1 ตัวและกำหนดเวลาเดิม โดย Google/SMTP จริงถูกแทนด้วยตัวทดสอบที่ระบุชัดเจน | F280: รันกรณีทดสอบอัตโนมัติที่อ้างอิง ตรวจเงื่อนไขยืนยันผล โดยไม่เปลี่ยนผลที่คาดหวัง | G280: ข้อมูลสังเคราะห์เท่านั้น ค่าป้อนและค่าขอบเขตแต่ละรายการอยู่ในตัวกรณีทดสอบของไฟล์ที่อ้างอิง | H280: กล่องยืนยันพอดีกับจอเตี้ย กักโฟกัสภายใน และคืนโฟกัสให้ปุ่มที่เปิดกล่อง | I280: รันบน Microsoft Edge กับ API + ฐานจำลอง: ผ่านทั้งหมด | J280: Pass | K280: Fail | L280: ปานกลาง/P2 | M280: QA-TEST-05 | N280: browser.log, browser-results.json | O280: Claude (รันตาม TEST_PLAN) | P280: 46320
A281: WEB-109 | B281: หน้าเว็บ (Playwright/Edge) | C281: หน้าต่างผู้ดูแลอยู่ภายในจอเตี้ย และปิดได้โดยไม่บันทึก | D281: การใช้งานผ่านหน้าเว็บ — ui-consistency.spec.js | E281: ใช้ Edge Chromium, Vite พอร์ต 4173 และ Express พอร์ต 4181 ร่วมกับข้อมูล PGlite สังเคราะห์ ใช้ตัวรัน 1 ตัวและกำหนดเวลาเดิม โดย Google/SMTP จริงถูกแทนด้วยตัวทดสอบที่ระบุชัดเจน | F281: รันกรณีทดสอบอัตโนมัติที่อ้างอิง ตรวจเงื่อนไขยืนยันผล โดยไม่เปลี่ยนผลที่คาดหวัง | G281: ข้อมูลสังเคราะห์เท่านั้น ค่าป้อนและค่าขอบเขตแต่ละรายการอยู่ในตัวกรณีทดสอบของไฟล์ที่อ้างอิง | H281: หน้าต่างผู้ดูแลอยู่ภายในจอเตี้ย และปิดได้โดยไม่บันทึก | I281: รันบน Microsoft Edge กับ API + ฐานจำลอง: ผ่านทั้งหมด | J281: Pass | K281: Fail | L281: ปานกลาง/P2 | M281: QA-TEST-05 | N281: browser.log, browser-results.json | O281: Claude (รันตาม TEST_PLAN) | P281: 46320
A282: WEB-110 | B282: หน้าเว็บ (Playwright/Edge) | C282: ข้อความตารางผู้ดูแลและปุ่มแผนที่มีสัดส่วนที่ใช้งานได้ | D282: การใช้งานผ่านหน้าเว็บ — ui-consistency.spec.js | E282: ใช้ Edge Chromium, Vite พอร์ต 4173 และ Express พอร์ต 4181 ร่วมกับข้อมูล PGlite สังเคราะห์ ใช้ตัวรัน 1 ตัวและกำหนดเวลาเดิม โดย Google/SMTP จริงถูกแทนด้วยตัวทดสอบที่ระบุชัดเจน | F282: รันกรณีทดสอบอัตโนมัติที่อ้างอิง ตรวจเงื่อนไขยืนยันผล โดยไม่เปลี่ยนผลที่คาดหวัง | G282: ข้อมูลสังเคราะห์เท่านั้น ค่าป้อนและค่าขอบเขตแต่ละรายการอยู่ในตัวกรณีทดสอบของไฟล์ที่อ้างอิง | H282: ข้อความตารางผู้ดูแลและปุ่มแผนที่มีสัดส่วนที่ใช้งานได้ | I282: รันบน Microsoft Edge กับ API + ฐานจำลอง: ผ่านทั้งหมด | J282: Pass | K282: Fail | L282: ปานกลาง/P2 | M282: QA-TEST-05 | N282: browser.log, browser-results.json | O282: Claude (รันตาม TEST_PLAN) | P282: 46320
A283: WEB-111 | B283: หน้าเว็บ (Playwright/Edge) | C283: รูปแบบทุกหน้าของระบบที่ความกว้าง 320px | D283: การใช้งานผ่านหน้าเว็บ — ui-consistency.spec.js | E283: ใช้ Edge Chromium, Vite พอร์ต 4173 และ Express พอร์ต 4181 ร่วมกับข้อมูล PGlite สังเคราะห์ ใช้ตัวรัน 1 ตัวและกำหนดเวลาเดิม โดย Google/SMTP จริงถูกแทนด้วยตัวทดสอบที่ระบุชัดเจน | F283: รันกรณีทดสอบอัตโนมัติที่อ้างอิง ตรวจเงื่อนไขยืนยันผล โดยไม่เปลี่ยนผลที่คาดหวัง | G283: ข้อมูลสังเคราะห์เท่านั้น ค่าป้อนและค่าขอบเขตแต่ละรายการอยู่ในตัวกรณีทดสอบของไฟล์ที่อ้างอิง | H283: รูปแบบทุกหน้าของระบบที่ความกว้าง 320px | I283: รันบน Microsoft Edge กับ API + ฐานจำลอง: ผ่านทั้งหมด | J283: Pass | K283: Fail | L283: ปานกลาง/P2 | M283: QA-TEST-05 | N283: browser.log, browser-results.json | O283: Claude (รันตาม TEST_PLAN) | P283: 46320
A284: WEB-112 | B284: หน้าเว็บ (Playwright/Edge) | C284: รูปแบบทุกหน้าของระบบที่ความกว้าง 390px | D284: การใช้งานผ่านหน้าเว็บ — ui-consistency.spec.js | E284: ใช้ Edge Chromium, Vite พอร์ต 4173 และ Express พอร์ต 4181 ร่วมกับข้อมูล PGlite สังเคราะห์ ใช้ตัวรัน 1 ตัวและกำหนดเวลาเดิม โดย Google/SMTP จริงถูกแทนด้วยตัวทดสอบที่ระบุชัดเจน | F284: รันกรณีทดสอบอัตโนมัติที่อ้างอิง ตรวจเงื่อนไขยืนยันผล โดยไม่เปลี่ยนผลที่คาดหวัง | G284: ข้อมูลสังเคราะห์เท่านั้น ค่าป้อนและค่าขอบเขตแต่ละรายการอยู่ในตัวกรณีทดสอบของไฟล์ที่อ้างอิง | H284: รูปแบบทุกหน้าของระบบที่ความกว้าง 390px | I284: รันบน Microsoft Edge กับ API + ฐานจำลอง: ผ่านทั้งหมด | J284: Pass | K284: Fail | L284: ปานกลาง/P2 | M284: QA-TEST-05 | N284: browser.log, browser-results.json | O284: Claude (รันตาม TEST_PLAN) | P284: 46320
A285: WEB-113 | B285: หน้าเว็บ (Playwright/Edge) | C285: รูปแบบทุกหน้าของระบบที่ความกว้าง 768px | D285: การใช้งานผ่านหน้าเว็บ — ui-consistency.spec.js | E285: ใช้ Edge Chromium, Vite พอร์ต 4173 และ Express พอร์ต 4181 ร่วมกับข้อมูล PGlite สังเคราะห์ ใช้ตัวรัน 1 ตัวและกำหนดเวลาเดิม โดย Google/SMTP จริงถูกแทนด้วยตัวทดสอบที่ระบุชัดเจน | F285: รันกรณีทดสอบอัตโนมัติที่อ้างอิง ตรวจเงื่อนไขยืนยันผล โดยไม่เปลี่ยนผลที่คาดหวัง | G285: ข้อมูลสังเคราะห์เท่านั้น ค่าป้อนและค่าขอบเขตแต่ละรายการอยู่ในตัวกรณีทดสอบของไฟล์ที่อ้างอิง | H285: รูปแบบทุกหน้าของระบบที่ความกว้าง 768px | I285: รันบน Microsoft Edge กับ API + ฐานจำลอง: ผ่านทั้งหมด | J285: Pass | K285: Fail | L285: ปานกลาง/P2 | M285: QA-TEST-05 | N285: browser.log, browser-results.json | O285: Claude (รันตาม TEST_PLAN) | P285: 46320
A286: WEB-114 | B286: หน้าเว็บ (Playwright/Edge) | C286: รูปแบบทุกหน้าของระบบที่ความกว้าง 1440px | D286: การใช้งานผ่านหน้าเว็บ — ui-consistency.spec.js | E286: ใช้ Edge Chromium, Vite พอร์ต 4173 และ Express พอร์ต 4181 ร่วมกับข้อมูล PGlite สังเคราะห์ ใช้ตัวรัน 1 ตัวและกำหนดเวลาเดิม โดย Google/SMTP จริงถูกแทนด้วยตัวทดสอบที่ระบุชัดเจน | F286: รันกรณีทดสอบอัตโนมัติที่อ้างอิง ตรวจเงื่อนไขยืนยันผล โดยไม่เปลี่ยนผลที่คาดหวัง | G286: ข้อมูลสังเคราะห์เท่านั้น ค่าป้อนและค่าขอบเขตแต่ละรายการอยู่ในตัวกรณีทดสอบของไฟล์ที่อ้างอิง | H286: รูปแบบทุกหน้าของระบบที่ความกว้าง 1440px | I286: รันบน Microsoft Edge กับ API + ฐานจำลอง: ผ่านทั้งหมด | J286: Pass | K286: Fail | L286: ปานกลาง/P2 | M286: QA-TEST-05 | N286: browser.log, browser-results.json | O286: Claude (รันตาม TEST_PLAN) | P286: 46320
A287: WEB-115 | B287: หน้าเว็บ (Playwright/Edge) | C287: ปุ่มค้นหา การ์ด และเมนูล่างมีสัดส่วนสมดุลที่ความกว้าง 320px | D287: การใช้งานผ่านหน้าเว็บ — ui-polish.spec.js | E287: ใช้ Edge Chromium, Vite พอร์ต 4173 และ Express พอร์ต 4181 ร่วมกับข้อมูล PGlite สังเคราะห์ ใช้ตัวรัน 1 ตัวและกำหนดเวลาเดิม โดย Google/SMTP จริงถูกแทนด้วยตัวทดสอบที่ระบุชัดเจน | F287: รันกรณีทดสอบอัตโนมัติที่อ้างอิง ตรวจเงื่อนไขยืนยันผล โดยไม่เปลี่ยนผลที่คาดหวัง | G287: ข้อมูลสังเคราะห์เท่านั้น ค่าป้อนและค่าขอบเขตแต่ละรายการอยู่ในตัวกรณีทดสอบของไฟล์ที่อ้างอิง | H287: ปุ่มค้นหา การ์ด และเมนูล่างมีสัดส่วนสมดุลที่ความกว้าง 320px | I287: รันบน Microsoft Edge กับ API + ฐานจำลอง: ผ่านทั้งหมด | J287: Pass | K287: Pass | L287: ปานกลาง/P2 | N287: browser.log, browser-results.json | O287: Claude (รันตาม TEST_PLAN) | P287: 46320
A288: WEB-116 | B288: หน้าเว็บ (Playwright/Edge) | C288: ปุ่มภาษาและปุ่มรูปโปรไฟล์ในตั้งค่ามีขนาดสม่ำเสมอที่ความกว้าง 320px | D288: การใช้งานผ่านหน้าเว็บ — ui-polish.spec.js | E288: ใช้ Edge Chromium, Vite พอร์ต 4173 และ Express พอร์ต 4181 ร่วมกับข้อมูล PGlite สังเคราะห์ ใช้ตัวรัน 1 ตัวและกำหนดเวลาเดิม โดย Google/SMTP จริงถูกแทนด้วยตัวทดสอบที่ระบุชัดเจน | F288: รันกรณีทดสอบอัตโนมัติที่อ้างอิง ตรวจเงื่อนไขยืนยันผล โดยไม่เปลี่ยนผลที่คาดหวัง | G288: ข้อมูลสังเคราะห์เท่านั้น ค่าป้อนและค่าขอบเขตแต่ละรายการอยู่ในตัวกรณีทดสอบของไฟล์ที่อ้างอิง | H288: ปุ่มภาษาและปุ่มรูปโปรไฟล์ในตั้งค่ามีขนาดสม่ำเสมอที่ความกว้าง 320px | I288: รันบน Microsoft Edge กับ API + ฐานจำลอง: ผ่านทั้งหมด | J288: Pass | K288: Pass | L288: ปานกลาง/P2 | N288: browser.log, browser-results.json | O288: Claude (รันตาม TEST_PLAN) | P288: 46320
A289: WEB-117 | B289: หน้าเว็บ (Playwright/Edge) | C289: ปุ่มค้นหา การ์ด และเมนูล่างมีสัดส่วนสมดุลที่ความกว้าง 390px | D289: การใช้งานผ่านหน้าเว็บ — ui-polish.spec.js | E289: ใช้ Edge Chromium, Vite พอร์ต 4173 และ Express พอร์ต 4181 ร่วมกับข้อมูล PGlite สังเคราะห์ ใช้ตัวรัน 1 ตัวและกำหนดเวลาเดิม โดย Google/SMTP จริงถูกแทนด้วยตัวทดสอบที่ระบุชัดเจน | F289: รันกรณีทดสอบอัตโนมัติที่อ้างอิง ตรวจเงื่อนไขยืนยันผล โดยไม่เปลี่ยนผลที่คาดหวัง | G289: ข้อมูลสังเคราะห์เท่านั้น ค่าป้อนและค่าขอบเขตแต่ละรายการอยู่ในตัวกรณีทดสอบของไฟล์ที่อ้างอิง | H289: ปุ่มค้นหา การ์ด และเมนูล่างมีสัดส่วนสมดุลที่ความกว้าง 390px | I289: รันบน Microsoft Edge กับ API + ฐานจำลอง: ผ่านทั้งหมด | J289: Pass | K289: Pass | L289: ปานกลาง/P2 | N289: browser.log, browser-results.json | O289: Claude (รันตาม TEST_PLAN) | P289: 46320
A290: WEB-118 | B290: หน้าเว็บ (Playwright/Edge) | C290: ปุ่มภาษาและปุ่มรูปโปรไฟล์ในตั้งค่ามีขนาดสม่ำเสมอที่ความกว้าง 390px | D290: การใช้งานผ่านหน้าเว็บ — ui-polish.spec.js | E290: ใช้ Edge Chromium, Vite พอร์ต 4173 และ Express พอร์ต 4181 ร่วมกับข้อมูล PGlite สังเคราะห์ ใช้ตัวรัน 1 ตัวและกำหนดเวลาเดิม โดย Google/SMTP จริงถูกแทนด้วยตัวทดสอบที่ระบุชัดเจน | F290: รันกรณีทดสอบอัตโนมัติที่อ้างอิง ตรวจเงื่อนไขยืนยันผล โดยไม่เปลี่ยนผลที่คาดหวัง | G290: ข้อมูลสังเคราะห์เท่านั้น ค่าป้อนและค่าขอบเขตแต่ละรายการอยู่ในตัวกรณีทดสอบของไฟล์ที่อ้างอิง | H290: ปุ่มภาษาและปุ่มรูปโปรไฟล์ในตั้งค่ามีขนาดสม่ำเสมอที่ความกว้าง 390px | I290: รันบน Microsoft Edge กับ API + ฐานจำลอง: ผ่านทั้งหมด | J290: Pass | K290: Pass | L290: ปานกลาง/P2 | N290: browser.log, browser-results.json | O290: Claude (รันตาม TEST_PLAN) | P290: 46320
A291: WEB-119 | B291: หน้าเว็บ (Playwright/Edge) | C291: ปุ่มค้นหา การ์ด และเมนูล่างมีสัดส่วนสมดุลที่ความกว้าง 768px | D291: การใช้งานผ่านหน้าเว็บ — ui-polish.spec.js | E291: ใช้ Edge Chromium, Vite พอร์ต 4173 และ Express พอร์ต 4181 ร่วมกับข้อมูล PGlite สังเคราะห์ ใช้ตัวรัน 1 ตัวและกำหนดเวลาเดิม โดย Google/SMTP จริงถูกแทนด้วยตัวทดสอบที่ระบุชัดเจน | F291: รันกรณีทดสอบอัตโนมัติที่อ้างอิง ตรวจเงื่อนไขยืนยันผล โดยไม่เปลี่ยนผลที่คาดหวัง | G291: ข้อมูลสังเคราะห์เท่านั้น ค่าป้อนและค่าขอบเขตแต่ละรายการอยู่ในตัวกรณีทดสอบของไฟล์ที่อ้างอิง | H291: ปุ่มค้นหา การ์ด และเมนูล่างมีสัดส่วนสมดุลที่ความกว้าง 768px | I291: รันบน Microsoft Edge กับ API + ฐานจำลอง: ผ่านทั้งหมด | J291: Pass | K291: Pass | L291: ปานกลาง/P2 | N291: browser.log, browser-results.json | O291: Claude (รันตาม TEST_PLAN) | P291: 46320
A292: WEB-120 | B292: หน้าเว็บ (Playwright/Edge) | C292: ปุ่มภาษาและปุ่มรูปโปรไฟล์ในตั้งค่ามีขนาดสม่ำเสมอที่ความกว้าง 768px | D292: การใช้งานผ่านหน้าเว็บ — ui-polish.spec.js | E292: ใช้ Edge Chromium, Vite พอร์ต 4173 และ Express พอร์ต 4181 ร่วมกับข้อมูล PGlite สังเคราะห์ ใช้ตัวรัน 1 ตัวและกำหนดเวลาเดิม โดย Google/SMTP จริงถูกแทนด้วยตัวทดสอบที่ระบุชัดเจน | F292: รันกรณีทดสอบอัตโนมัติที่อ้างอิง ตรวจเงื่อนไขยืนยันผล โดยไม่เปลี่ยนผลที่คาดหวัง | G292: ข้อมูลสังเคราะห์เท่านั้น ค่าป้อนและค่าขอบเขตแต่ละรายการอยู่ในตัวกรณีทดสอบของไฟล์ที่อ้างอิง | H292: ปุ่มภาษาและปุ่มรูปโปรไฟล์ในตั้งค่ามีขนาดสม่ำเสมอที่ความกว้าง 768px | I292: รันบน Microsoft Edge กับ API + ฐานจำลอง: ผ่านทั้งหมด | J292: Pass | K292: Pass | L292: ปานกลาง/P2 | N292: browser.log, browser-results.json | O292: Claude (รันตาม TEST_PLAN) | P292: 46320
A293: WEB-121 | B293: หน้าเว็บ (Playwright/Edge) | C293: ปุ่มค้นหา การ์ด และเมนูล่างมีสัดส่วนสมดุลที่ความกว้าง 1440px | D293: การใช้งานผ่านหน้าเว็บ — ui-polish.spec.js | E293: ใช้ Edge Chromium, Vite พอร์ต 4173 และ Express พอร์ต 4181 ร่วมกับข้อมูล PGlite สังเคราะห์ ใช้ตัวรัน 1 ตัวและกำหนดเวลาเดิม โดย Google/SMTP จริงถูกแทนด้วยตัวทดสอบที่ระบุชัดเจน | F293: รันกรณีทดสอบอัตโนมัติที่อ้างอิง ตรวจเงื่อนไขยืนยันผล โดยไม่เปลี่ยนผลที่คาดหวัง | G293: ข้อมูลสังเคราะห์เท่านั้น ค่าป้อนและค่าขอบเขตแต่ละรายการอยู่ในตัวกรณีทดสอบของไฟล์ที่อ้างอิง | H293: ปุ่มค้นหา การ์ด และเมนูล่างมีสัดส่วนสมดุลที่ความกว้าง 1440px | I293: รันบน Microsoft Edge กับ API + ฐานจำลอง: ผ่านทั้งหมด | J293: Pass | K293: Pass | L293: ปานกลาง/P2 | N293: browser.log, browser-results.json | O293: Claude (รันตาม TEST_PLAN) | P293: 46320
A294: WEB-122 | B294: หน้าเว็บ (Playwright/Edge) | C294: ปุ่มภาษาและปุ่มรูปโปรไฟล์ในตั้งค่ามีขนาดสม่ำเสมอที่ความกว้าง 1440px | D294: การใช้งานผ่านหน้าเว็บ — ui-polish.spec.js | E294: ใช้ Edge Chromium, Vite พอร์ต 4173 และ Express พอร์ต 4181 ร่วมกับข้อมูล PGlite สังเคราะห์ ใช้ตัวรัน 1 ตัวและกำหนดเวลาเดิม โดย Google/SMTP จริงถูกแทนด้วยตัวทดสอบที่ระบุชัดเจน | F294: รันกรณีทดสอบอัตโนมัติที่อ้างอิง ตรวจเงื่อนไขยืนยันผล โดยไม่เปลี่ยนผลที่คาดหวัง | G294: ข้อมูลสังเคราะห์เท่านั้น ค่าป้อนและค่าขอบเขตแต่ละรายการอยู่ในตัวกรณีทดสอบของไฟล์ที่อ้างอิง | H294: ปุ่มภาษาและปุ่มรูปโปรไฟล์ในตั้งค่ามีขนาดสม่ำเสมอที่ความกว้าง 1440px | I294: รันบน Microsoft Edge กับ API + ฐานจำลอง: ผ่านทั้งหมด | J294: Pass | K294: Pass | L294: ปานกลาง/P2 | N294: browser.log, browser-results.json | O294: Claude (รันตาม TEST_PLAN) | P294: 46320
A295: ROLE-001 | B295: สิทธิ์ตามบทบาท/API | C295: ผู้ไม่เข้าสู่ระบบ — GET /api/admin/manage/operations | D295: ตารางตรวจสิทธิ์ตามบทบาทและ API | E295: ใช้ PostgreSQL จริงที่สร้างใหม่แยกต่างหาก พร้อมบัญชีสังเคราะห์ของผู้ไม่เข้าสู่ระบบ นิสิต เจ้าหน้าที่ และผู้ดูแลสูงสุด ไม่ใช้ข้อมูล production | F295: สร้างเซสชันสังเคราะห์ ส่งคำขอด้วยบทบาท วิธี HTTP และเส้นทางที่ระบุ แล้วตรวจรหัสตอบกลับหรือสถานะการส่งมอบที่บันทึก | G295: บัญชี qa-student/qa-finder/qa-staff และลักษณะรอยตำหนิสังเคราะห์ ไม่มีข้อมูลตัวตนบุคคลจริง | H295: ตอบ HTTP 401 | I295: ตรวจสิทธิ์ผ่าน API: guest GET /api/admin/manage/operations — PGlite: Pass; PostgreSQL จริง: Pass | J295: Pass | K295: Pass | L295: สูง/P1 | N295: unit.log, postgres.log | O295: Claude (รันตาม TEST_PLAN) | P295: 46320
A296: ROLE-002 | B296: สิทธิ์ตามบทบาท/API | C296: นิสิต — GET /api/admin/manage/operations | D296: ตารางตรวจสิทธิ์ตามบทบาทและ API | E296: ใช้ PostgreSQL จริงที่สร้างใหม่แยกต่างหาก พร้อมบัญชีสังเคราะห์ของผู้ไม่เข้าสู่ระบบ นิสิต เจ้าหน้าที่ และผู้ดูแลสูงสุด ไม่ใช้ข้อมูล production | F296: สร้างเซสชันสังเคราะห์ ส่งคำขอด้วยบทบาท วิธี HTTP และเส้นทางที่ระบุ แล้วตรวจรหัสตอบกลับหรือสถานะการส่งมอบที่บันทึก | G296: บัญชี qa-student/qa-finder/qa-staff และลักษณะรอยตำหนิสังเคราะห์ ไม่มีข้อมูลตัวตนบุคคลจริง | H296: ตอบ HTTP 401 | I296: ตรวจสิทธิ์ผ่าน API: student GET /api/admin/manage/operations — PGlite: Pass; PostgreSQL จริง: Pass | J296: Pass | K296: Pass | L296: สูง/P1 | N296: unit.log, postgres.log | O296: Claude (รันตาม TEST_PLAN) | P296: 46320
A297: ROLE-003 | B297: สิทธิ์ตามบทบาท/API | C297: ผู้ไม่เข้าสู่ระบบ — GET /api/admin/manage/staff-notifications | D297: ตารางตรวจสิทธิ์ตามบทบาทและ API | E297: ใช้ PostgreSQL จริงที่สร้างใหม่แยกต่างหาก พร้อมบัญชีสังเคราะห์ของผู้ไม่เข้าสู่ระบบ นิสิต เจ้าหน้าที่ และผู้ดูแลสูงสุด ไม่ใช้ข้อมูล production | F297: สร้างเซสชันสังเคราะห์ ส่งคำขอด้วยบทบาท วิธี HTTP และเส้นทางที่ระบุ แล้วตรวจรหัสตอบกลับหรือสถานะการส่งมอบที่บันทึก | G297: บัญชี qa-student/qa-finder/qa-staff และลักษณะรอยตำหนิสังเคราะห์ ไม่มีข้อมูลตัวตนบุคคลจริง | H297: ตอบ HTTP 401 | I297: ตรวจสิทธิ์ผ่าน API: guest GET /api/admin/manage/staff-notifications — PGlite: Pass; PostgreSQL จริง: Pass | J297: Pass | K297: Pass | L297: สูง/P1 | N297: unit.log, postgres.log | O297: Claude (รันตาม TEST_PLAN) | P297: 46320
A298: ROLE-004 | B298: สิทธิ์ตามบทบาท/API | C298: นิสิต — GET /api/admin/manage/staff-notifications | D298: ตารางตรวจสิทธิ์ตามบทบาทและ API | E298: ใช้ PostgreSQL จริงที่สร้างใหม่แยกต่างหาก พร้อมบัญชีสังเคราะห์ของผู้ไม่เข้าสู่ระบบ นิสิต เจ้าหน้าที่ และผู้ดูแลสูงสุด ไม่ใช้ข้อมูล production | F298: สร้างเซสชันสังเคราะห์ ส่งคำขอด้วยบทบาท วิธี HTTP และเส้นทางที่ระบุ แล้วตรวจรหัสตอบกลับหรือสถานะการส่งมอบที่บันทึก | G298: บัญชี qa-student/qa-finder/qa-staff และลักษณะรอยตำหนิสังเคราะห์ ไม่มีข้อมูลตัวตนบุคคลจริง | H298: ตอบ HTTP 401 | I298: ตรวจสิทธิ์ผ่าน API: student GET /api/admin/manage/staff-notifications — PGlite: Pass; PostgreSQL จริง: Pass | J298: Pass | K298: Pass | L298: สูง/P1 | N298: unit.log, postgres.log | O298: Claude (รันตาม TEST_PLAN) | P298: 46320
... A402: OP-02 | B402: ระบบในเครื่อง (อ่านอย่างเดียว) | C402: ฟิลด์ตัวตนที่จำเป็นและตัวตนซ้ำ | D402: ระบบและฐานข้อมูลในเครื่องที่เลือกตรวจ | E402: อ่านฐาน foundlost_db ในเครื่อง พอร์ต 5434 ด้วยธุรกรรม READ ONLY และ API ชั่วคราวที่ไม่เริ่มงานตามตาราง | F402: รันเงื่อนไขตรวจ metadata หรือ HTTP แบบอ่านอย่างเดียวและจำกัดจำนวน ตาม inspect-runtime.cjs | G402: ยอดรวม พาธในเครื่องที่มีอยู่ และคำขอที่ไม่ยืนยันตัวตน ไม่ส่งออกข้อมูลระบุตัวบุคคลจริง | H402: ไม่มีข้อมูลตัวตนว่าง และไม่มีอีเมลหรือรหัสซ้ำ | I402: {"blanks":0,"duplicate_email":0,"duplicate_id":0} | J402: Pass | K402: Pass | L402: ปานกลาง/P2 | N402: ตรวจแบบอ่านอย่างเดียวบน foundlost_db (session read-only) + API ชั่วคราวไม่มี scheduler | O402: Claude (รันตาม TEST_PLAN) | P402: 46320
A403: OP-03 | B403: ระบบในเครื่อง (อ่านอย่างเดียว) | C403: ความสัมพันธ์ของประกาศของหาย ของพบ และคู่จับคู่ | D403: ระบบและฐานข้อมูลในเครื่องที่เลือกตรวจ | E403: อ่านฐาน foundlost_db ในเครื่อง พอร์ต 5434 ด้วยธุรกรรม READ ONLY และ API ชั่วคราวที่ไม่เริ่มงานตามตาราง | F403: รันเงื่อนไขตรวจ metadata หรือ HTTP แบบอ่านอย่างเดียวและจำกัดจำนวน ตาม inspect-runtime.cjs | G403: ยอดรวม พาธในเครื่องที่มีอยู่ และคำขอที่ไม่ยืนยันตัวตน ไม่ส่งออกข้อมูลระบุตัวบุคคลจริง | H403: ไม่พบประกาศหรือคู่จับคู่ที่ขาดผู้ใช้หรือรายการอ้างอิง | I403: พบข้อมูลที่ไม่มีเจ้าของ/อ้างอิง {"lost_without_user":7,"found_without_user":5,"orphan_matches":0} | J403: Fail | K403: Fail | L403: สูง/P1 | M403: QA-DATA-01 | N403: ตรวจแบบอ่านอย่างเดียวบน foundlost_db (session read-only) + API ชั่วคราวไม่มี scheduler | O403: Claude (รันตาม TEST_PLAN) | P403: 46320
A404: OP-04 | B404: ระบบในเครื่อง (อ่านอย่างเดียว) | C404: ความพร้อมของบทบาทผู้ใช้งาน | D404: ระบบและฐานข้อมูลในเครื่องที่เลือกตรวจ | E404: อ่านฐาน foundlost_db ในเครื่อง พอร์ต 5434 ด้วยธุรกรรม READ ONLY และ API ชั่วคราวที่ไม่เริ่มงานตามตาราง | F404: รันเงื่อนไขตรวจ metadata หรือ HTTP แบบอ่านอย่างเดียวและจำกัดจำนวน ตาม inspect-runtime.cjs | G404: ยอดรวม พาธในเครื่องที่มีอยู่ และคำขอที่ไม่ยืนยันตัวตน ไม่ส่งออกข้อมูลระบุตัวบุคคลจริง | H404: มีเจ้าหน้าที่ที่เปิดใช้และมีผู้ดูแล โดยแสดงเฉพาะยอดรวม | I404: ไม่มีเจ้าหน้าที่ที่เปิดใช้งาน {"roles":[{"role":"student","is_active":true,"n":59}],"admins":0} | J404: Fail | K404: Pass | L404: ปานกลาง/P2 | N404: ตรวจแบบอ่านอย่างเดียวบน foundlost_db (session read-only) + API ชั่วคราวไม่มี scheduler | O404: Claude (รันตาม TEST_PLAN) | P404: 46320
A405: OP-05 | B405: ระบบในเครื่อง (อ่านอย่างเดียว) | C405: ข้อจำกัด FK ค่าที่ไม่ซ้ำ และคีย์หลักของฐานข้อมูล | D405: ระบบและฐานข้อมูลในเครื่องที่เลือกตรวจ | E405: อ่านฐาน foundlost_db ในเครื่อง พอร์ต 5434 ด้วยธุรกรรม READ ONLY และ API ชั่วคราวที่ไม่เริ่มงานตามตาราง | F405: รันเงื่อนไขตรวจ metadata หรือ HTTP แบบอ่านอย่างเดียวและจำกัดจำนวน ตาม inspect-runtime.cjs | G405: ยอดรวม พาธในเครื่องที่มีอยู่ และคำขอที่ไม่ยืนยันตัวตน ไม่ส่งออกข้อมูลระบุตัวบุคคลจริง | H405: มีข้อจำกัดความสัมพันธ์ คีย์หลัก และค่าที่ไม่ซ้ำ | I405: [{"contype":"c","n":17},{"contype":"f","n":16},{"contype":"p","n":21},{"contype":"u","n":10}] | J405: Pass | K405: Pass | L405: ปานกลาง/P2 | N405: ตรวจแบบอ่านอย่างเดียวบน foundlost_db (session read-only) + API ชั่วคราวไม่มี scheduler | O405: Claude (รันตาม TEST_PLAN) | P405: 46320
A406: OP-06 | B406: ระบบในเครื่อง (อ่านอย่างเดียว) | C406: ไฟล์รูปต้นฉบับที่อัปโหลด | D406: ระบบและฐานข้อมูลในเครื่องที่เลือกตรวจ | E406: อ่านฐาน foundlost_db ในเครื่อง พอร์ต 5434 ด้วยธุรกรรม READ ONLY และ API ชั่วคราวที่ไม่เริ่มงานตามตาราง | F406: รันเงื่อนไขตรวจ metadata หรือ HTTP แบบอ่านอย่างเดียวและจำกัดจำนวน ตาม inspect-runtime.cjs | G406: ยอดรวม พาธในเครื่องที่มีอยู่ และคำขอที่ไม่ยืนยันตัวตน ไม่ส่งออกข้อมูลระบุตัวบุคคลจริง | H406: ไฟล์รูปในเครื่องที่ฐานข้อมูลอ้างอิงต้องมีอยู่ครบ | I406: {"referenced":12,"missing":0} | J406: Pass | K406: Fail | L406: ปานกลาง/P2 | M406: QA-DATA-02 | N406: ตรวจแบบอ่านอย่างเดียวบน foundlost_db (session read-only) + API ชั่วคราวไม่มี scheduler | O406: Claude (รันตาม TEST_PLAN) | P406: 46320
A407: OP-07 | B407: ระบบในเครื่อง (อ่านอย่างเดียว) | C407: ความพร้อมของกุญแจเข้ารหัส | D407: ระบบและฐานข้อมูลในเครื่องที่เลือกตรวจ | E407: อ่านฐาน foundlost_db ในเครื่อง พอร์ต 5434 ด้วยธุรกรรม READ ONLY และ API ชั่วคราวที่ไม่เริ่มงานตามตาราง | F407: รันเงื่อนไขตรวจ metadata หรือ HTTP แบบอ่านอย่างเดียวและจำกัดจำนวน ตาม inspect-runtime.cjs | G407: ยอดรวม พาธในเครื่องที่มีอยู่ และคำขอที่ไม่ยืนยันตัวตน ไม่ส่งออกข้อมูลระบุตัวบุคคลจริง | H407: โหลดกุญแจที่มีขนาดถูกต้อง โดยไม่เปิดเผยไบต์ของกุญแจ | I407: {"keyValid":true} | J407: Pass | K407: Pass | L407: ปานกลาง/P2 | N407: ตรวจแบบอ่านอย่างเดียวบน foundlost_db (session read-only) + API ชั่วคราวไม่มี scheduler | O407: Claude (รันตาม TEST_PLAN) | P407: 46320
A408: OP-08 | B408: ระบบในเครื่อง (อ่านอย่างเดียว) | C408: เรียก GET /health | D408: ระบบและฐานข้อมูลในเครื่องที่เลือกตรวจ | E408: อ่านฐาน foundlost_db ในเครื่อง พอร์ต 5434 ด้วยธุรกรรม READ ONLY และ API ชั่วคราวที่ไม่เริ่มงานตามตาราง | F408: รันเงื่อนไขตรวจ metadata หรือ HTTP แบบอ่านอย่างเดียวและจำกัดจำนวน ตาม inspect-runtime.cjs | G408: ยอดรวม พาธในเครื่องที่มีอยู่ และคำขอที่ไม่ยืนยันตัวตน ไม่ส่งออกข้อมูลระบุตัวบุคคลจริง | H408: ตอบ HTTP 200 | I408: {"http":200} | J408: Pass | K408: Pass | L408: ปานกลาง/P2 | N408: ตรวจแบบอ่านอย่างเดียวบน foundlost_db (session read-only) + API ชั่วคราวไม่มี scheduler | O408: Claude (รันตาม TEST_PLAN) | P408: 46320
A409: OP-09 | B409: ระบบในเครื่อง (อ่านอย่างเดียว) | C409: เรียก GET /api/me/profile โดยไม่ยืนยันตัวตน | D409: ระบบและฐานข้อมูลในเครื่องที่เลือกตรวจ | E409: อ่านฐาน foundlost_db ในเครื่อง พอร์ต 5434 ด้วยธุรกรรม READ ONLY และ API ชั่วคราวที่ไม่เริ่มงานตามตาราง | F409: รันเงื่อนไขตรวจ metadata หรือ HTTP แบบอ่านอย่างเดียวและจำกัดจำนวน ตาม inspect-runtime.cjs | G409: ยอดรวม พาธในเครื่องที่มีอยู่ และคำขอที่ไม่ยืนยันตัวตน ไม่ส่งออกข้อมูลระบุตัวบุคคลจริง | H409: ตอบ HTTP 401 | I409: {"http":401} | J409: Pass | K409: Pass | L409: ปานกลาง/P2 | N409: ตรวจแบบอ่านอย่างเดียวบน foundlost_db (session read-only) + API ชั่วคราวไม่มี scheduler | O409: Claude (รันตาม TEST_PLAN) | P409: 46320
A410: OP-10 | B410: ระบบในเครื่อง (อ่านอย่างเดียว) | C410: เรียก GET /api/admin/profile โดยไม่ยืนยันตัวตน | D410: ระบบและฐานข้อมูลในเครื่องที่เลือกตรวจ | E410: อ่านฐาน foundlost_db ในเครื่อง พอร์ต 5434 ด้วยธุรกรรม READ ONLY และ API ชั่วคราวที่ไม่เริ่มงานตามตาราง | F410: รันเงื่อนไขตรวจ metadata หรือ HTTP แบบอ่านอย่างเดียวและจำกัดจำนวน ตาม inspect-runtime.cjs | G410: ยอดรวม พาธในเครื่องที่มีอยู่ และคำขอที่ไม่ยืนยันตัวตน ไม่ส่งออกข้อมูลระบุตัวบุคคลจริง | H410: ตอบ HTTP 401 | I410: {"http":401} | J410: Pass | K410: Pass | L410: ปานกลาง/P2 | N410: ตรวจแบบอ่านอย่างเดียวบน foundlost_db (session read-only) + API ชั่วคราวไม่มี scheduler | O410: Claude (รันตาม TEST_PLAN) | P410: 46320
A411: OP-11 | B411: ระบบในเครื่อง (อ่านอย่างเดียว) | C411: เรียก GET /api/admin/manage/users โดยไม่ยืนยันตัวตน | D411: ระบบและฐานข้อมูลในเครื่องที่เลือกตรวจ | E411: อ่านฐาน foundlost_db ในเครื่อง พอร์ต 5434 ด้วยธุรกรรม READ ONLY และ API ชั่วคราวที่ไม่เริ่มงานตามตาราง | F411: รันเงื่อนไขตรวจ metadata หรือ HTTP แบบอ่านอย่างเดียวและจำกัดจำนวน ตาม inspect-runtime.cjs | G411: ยอดรวม พาธในเครื่องที่มีอยู่ และคำขอที่ไม่ยืนยันตัวตน ไม่ส่งออกข้อมูลระบุตัวบุคคลจริง | H411: ตอบ HTTP 401 | I411: {"http":401} | J411: Pass | K411: Pass | L411: ปานกลาง/P2 | N411: ตรวจแบบอ่านอย่างเดียวบน foundlost_db (session read-only) + API ชั่วคราวไม่มี scheduler | O411: Claude (รันตาม TEST_PLAN) | P411: 46320
A412: OP-12 | B412: ระบบในเครื่อง (อ่านอย่างเดียว) | C412: เรียก GET /matching/all โดยไม่ยืนยันตัวตน | D412: ระบบและฐานข้อมูลในเครื่องที่เลือกตรวจ | E412: อ่านฐาน foundlost_db ในเครื่อง พอร์ต 5434 ด้วยธุรกรรม READ ONLY และ API ชั่วคราวที่ไม่เริ่มงานตามตาราง | F412: รันเงื่อนไขตรวจ metadata หรือ HTTP แบบอ่านอย่างเดียวและจำกัดจำนวน ตาม inspect-runtime.cjs | G412: ยอดรวม พาธในเครื่องที่มีอยู่ และคำขอที่ไม่ยืนยันตัวตน ไม่ส่งออกข้อมูลระบุตัวบุคคลจริง | H412: ตอบ HTTP 401 | I412: {"http":401} | J412: Pass | K412: Pass | L412: ปานกลาง/P2 | N412: ตรวจแบบอ่านอย่างเดียวบน foundlost_db (session read-only) + API ชั่วคราวไม่มี scheduler | O412: Claude (รันตาม TEST_PLAN) | P412: 46320
A413: OP-13 | B413: ระบบในเครื่อง (อ่านอย่างเดียว) | C413: เรียก GET /assets/blocked.html | D413: ระบบและฐานข้อมูลในเครื่องที่เลือกตรวจ | E413: อ่านฐาน foundlost_db ในเครื่อง พอร์ต 5434 ด้วยธุรกรรม READ ONLY และ API ชั่วคราวที่ไม่เริ่มงานตามตาราง | F413: รันเงื่อนไขตรวจ metadata หรือ HTTP แบบอ่านอย่างเดียวและจำกัดจำนวน ตาม inspect-runtime.cjs | G413: ยอดรวม พาธในเครื่องที่มีอยู่ และคำขอที่ไม่ยืนยันตัวตน ไม่ส่งออกข้อมูลระบุตัวบุคคลจริง | H413: ตอบ HTTP 404 | I413: {"http":404} | J413: Pass | K413: Pass | L413: ปานกลาง/P2 | N413: ตรวจแบบอ่านอย่างเดียวบน foundlost_db (session read-only) + API ชั่วคราวไม่มี scheduler | O413: Claude (รันตาม TEST_PLAN) | P413: 46320
A414: OP-14 | B414: ระบบในเครื่อง (อ่านอย่างเดียว) | C414: เรียก GET /api/privacy-policy | D414: ระบบและฐานข้อมูลในเครื่องที่เลือกตรวจ | E414: อ่านฐาน foundlost_db ในเครื่อง พอร์ต 5434 ด้วยธุรกรรม READ ONLY และ API ชั่วคราวที่ไม่เริ่มงานตามตาราง | F414: รันเงื่อนไขตรวจ metadata หรือ HTTP แบบอ่านอย่างเดียวและจำกัดจำนวน ตาม inspect-runtime.cjs | G414: ยอดรวม พาธในเครื่องที่มีอยู่ และคำขอที่ไม่ยืนยันตัวตน ไม่ส่งออกข้อมูลระบุตัวบุคคลจริง | H414: ตอบ HTTP 200 | I414: {"http":200} | J414: Pass | K414: Pass | L414: ปานกลาง/P2 | N414: ตรวจแบบอ่านอย่างเดียวบน foundlost_db (session read-only) + API ชั่วคราวไม่มี scheduler | O414: Claude (รันตาม TEST_PLAN) | P414: 46320
A415: OP-15 | B415: ระบบในเครื่อง (อ่านอย่างเดียว) | C415: ค่าตั้ง Google ที่เปิดเผยต่อหน้าเว็บ | D415: ระบบและฐานข้อมูลในเครื่องที่เลือกตรวจ | E415: อ่านฐาน foundlost_db ในเครื่อง พอร์ต 5434 ด้วยธุรกรรม READ ONLY และ API ชั่วคราวที่ไม่เริ่มงานตามตาราง | F415: รันเงื่อนไขตรวจ metadata หรือ HTTP แบบอ่านอย่างเดียวและจำกัดจำนวน ตาม inspect-runtime.cjs | G415: ยอดรวม พาธในเครื่องที่มีอยู่ และคำขอที่ไม่ยืนยันตัวตน ไม่ส่งออกข้อมูลระบุตัวบุคคลจริง | H415: กำหนดโดเมน KU ตรงตามที่กำหนด โดยไม่แสดง Client ID | I415: {"http":200,"enabled":false,"hostedDomain":"ku.th"} | J415: Pass | K415: Pass | L415: ปานกลาง/P2 | N415: ตรวจแบบอ่านอย่างเดียวบน foundlost_db (session read-only) + API ชั่วคราวไม่มี scheduler | O415: Claude (รันตาม TEST_PLAN) | P415: 46320
A416: OP-16 | B416: ระบบในเครื่อง (อ่านอย่างเดียว) | C416: ส่วนหัวความปลอดภัยของการตอบกลับ | D416: ระบบและฐานข้อมูลในเครื่องที่เลือกตรวจ | E416: อ่านฐาน foundlost_db ในเครื่อง พอร์ต 5434 ด้วยธุรกรรม READ ONLY และ API ชั่วคราวที่ไม่เริ่มงานตามตาราง | F416: รันเงื่อนไขตรวจ metadata หรือ HTTP แบบอ่านอย่างเดียวและจำกัดจำนวน ตาม inspect-runtime.cjs | G416: ยอดรวม พาธในเครื่องที่มีอยู่ และคำขอที่ไม่ยืนยันตัวตน ไม่ส่งออกข้อมูลระบุตัวบุคคลจริง | H416: ไม่เปิดเผยเวอร์ชัน framework และมี nosniff, CSP กับการป้องกันแคช | I416: {"frameworkHidden":true,"nosniff":true,"csp":true,"noStore":true} | J416: Pass | K416: Pass | L416: ปานกลาง/P2 | N416: ตรวจแบบอ่านอย่างเดียวบน foundlost_db (session read-only) + API ชั่วคราวไม่มี scheduler | O416: Claude (รันตาม TEST_PLAN) | P416: 46320
A417: OP-17 | B417: ระบบในเครื่อง (อ่านอย่างเดียว) | C417: ประสิทธิภาพการตรวจสุขภาพแบบจำกัดจำนวน | D417: ระบบและฐานข้อมูลในเครื่องที่เลือกตรวจ | E417: อ่านฐาน foundlost_db ในเครื่อง พอร์ต 5434 ด้วยธุรกรรม READ ONLY และ API ชั่วคราวที่ไม่เริ่มงานตามตาราง | F417: รันเงื่อนไขตรวจ metadata หรือ HTTP แบบอ่านอย่างเดียวและจำกัดจำนวน ตาม inspect-runtime.cjs | G417: ยอดรวม พาธในเครื่องที่มีอยู่ และคำขอที่ไม่ยืนยันตัวตน ไม่ส่งออกข้อมูลระบุตัวบุคคลจริง | H417: คำขอในเครื่อง 20 ครั้งสำเร็จ โดยแต่ละครั้งอยู่ภายในเกณฑ์เบื้องต้นที่เผื่อไว้ 2 วินาที | I417: {"scope":"20 sequential local /health requests only","max_ms":19,"avg_ms":13} | J417: Pass | K417: Pass | L417: ปานกลาง/P2 | N417: ตรวจแบบอ่านอย่างเดียวบน foundlost_db (session read-only) + API ชั่วคราวไม่มี scheduler | O417: Claude (รันตาม TEST_PLAN) | P417: 46320
A418: OP-18 | B418: ระบบในเครื่อง (อ่านอย่างเดียว) | C418: รักษาจำนวนข้อมูลต้นทาง | D418: ระบบและฐานข้อมูลในเครื่องที่เลือกตรวจ | E418: อ่านฐาน foundlost_db ในเครื่อง พอร์ต 5434 ด้วยธุรกรรม READ ONLY และ API ชั่วคราวที่ไม่เริ่มงานตามตาราง | F418: รันเงื่อนไขตรวจ metadata หรือ HTTP แบบอ่านอย่างเดียวและจำกัดจำนวน ตาม inspect-runtime.cjs | G418: ยอดรวม พาธในเครื่องที่มีอยู่ และคำขอที่ไม่ยืนยันตัวตน ไม่ส่งออกข้อมูลระบุตัวบุคคลจริง | H418: ยอดข้อมูลก่อนและหลังต้องเท่ากัน | I418: {"unchanged":true} | J418: Pass | K418: Pass | L418: ปานกลาง/P2 | N418: ตรวจแบบอ่านอย่างเดียวบน foundlost_db (session read-only) + API ชั่วคราวไม่มี scheduler | O418: Claude (รันตาม TEST_PLAN) | P418: 46320
A419: OP-19 | B419: ระบบในเครื่อง (อ่านอย่างเดียว) | C419: การจัดประเภทข้อผิดพลาดเมื่อปฏิเสธต้นทาง CORS | D419: ระบบและฐานข้อมูลในเครื่องที่เลือกตรวจ | E419: อ่านฐาน foundlost_db ในเครื่อง พอร์ต 5434 ด้วยธุรกรรม READ ONLY และ API ชั่วคราวที่ไม่เริ่มงานตามตาราง | F419: รันเงื่อนไขตรวจ metadata หรือ HTTP แบบอ่านอย่างเดียวและจำกัดจำนวน ตาม inspect-runtime.cjs | G419: ยอดรวม พาธในเครื่องที่มีอยู่ และคำขอที่ไม่ยืนยันตัวตน ไม่ส่งออกข้อมูลระบุตัวบุคคลจริง | H419: ปฏิเสธต้นทางที่ไม่เชื่อถือด้วยข้อผิดพลาด 4xx ที่ควบคุมไว้ ไม่ใช่ข้อผิดพลาดเซิร์ฟเวอร์ | I419: {"http":403} | J419: Pass | K419: Fail | L419: ปานกลาง/P2 | M419: QA-API-01 | N419: ตรวจแบบอ่านอย่างเดียวบน foundlost_db (session read-only) + API ชั่วคราวไม่มี scheduler | O419: Claude (รันตาม TEST_PLAN) | P419: 46320
A420: OP-20 | B420: ระบบในเครื่อง (อ่านอย่างเดียว) | C420: การจัดการ JSON ผิดรูปแบบ | D420: ระบบและฐานข้อมูลในเครื่องที่เลือกตรวจ | E420: อ่านฐาน foundlost_db ในเครื่อง พอร์ต 5434 ด้วยธุรกรรม READ ONLY และ API ชั่วคราวที่ไม่เริ่มงานตามตาราง | F420: รันเงื่อนไขตรวจ metadata หรือ HTTP แบบอ่านอย่างเดียวและจำกัดจำนวน ตาม inspect-runtime.cjs | G420: ยอดรวม พาธในเครื่องที่มีอยู่ และคำขอที่ไม่ยืนยันตัวตน ไม่ส่งออกข้อมูลระบุตัวบุคคลจริง | H420: ตอบ HTTP 400 และบริการยังทำงานปกติ | I420: {"malformed":400,"health":200} | J420: Pass | K420: Pass | L420: ปานกลาง/P2 | N420: ตรวจแบบอ่านอย่างเดียวบน foundlost_db (session read-only) + API ชั่วคราวไม่มี scheduler | O420: Claude (รันตาม TEST_PLAN) | P420: 46320
...

Sheet User Manual
A1: รหัส | B1: หัวข้อในคู่มือ | C1: เรื่อง | D1: ขั้นตอนที่ทำ | E1: สิ่งที่คู่มือบอก (ผลที่คาดหวัง) | F1: ผลจริงบนหน้าจอ | G1: สถานะ | H1: คู่มือตรงกับระบบ? | I1: ภาพหลักฐาน (output/manual-test-evidence/user-manual) | J1: ผู้ทดสอบ | K1: วันที่
A2: UM-01 | B2: ข้อ 1 | C2: หน้าเริ่มต้นและหน้า login | D2: เปิด /login | E2: ไม่มี navbar บนหน้าเริ่มต้นและ login มีตัวเลือก “เข้าใช้ครั้งแรก / ยังไม่มีรหัสผ่าน” | F2: /login ไม่มี navbar (มีแค่ปุ่ม “ลงชื่อเข้าใช้” และ “เข้าสู่ระบบ”) /signin ไม่มี navbar เช่นกัน ปุ่มเข้าใช้ครั้งแรกบนหน้าจอชื่อ “ลงชื่อเข้าใช้” ไม่ใช่ “เข้าใช้ครั้งแรก / ยังไม่มีรหัสผ่าน” | G2: Pass | H2: ไม่ตรง: ชื่อปุ่มในคู่มือต่างจากหน้าจอ | I2: UM-01-login.png, UM-01-signin.png | J2: Claude (รันตาม TEST_PLAN) | K2: 46320
A3: UM-02 | B3: ข้อ 1–2 | C3: เข้าใช้ครั้งแรกด้วย OTP และตั้งรหัสผ่าน | D3: กด ลงชื่อเข้าใช้ → กรอกอีเมล @ku.th → ส่ง OTP → กรอก OTP → ตั้งรหัสผ่าน → รับทราบประกาศ | E3: ยืนยัน OTP แล้วตั้งรหัสผ่าน 15–128 ตัว กรอกรหัสนิสิต/ผู้ใช้ ชื่อ นามสกุล และอ่านประกาศความเป็นส่วนตัวก่อนรับทราบ | F3: OTP ส่งและยืนยันได้ หน้าตั้งรหัสผ่านมีเฉพาะ รหัสผ่าน / ยืนยันรหัสผ่าน / รับทราบประกาศ (มีลิงก์ประกาศ) ไม่มีช่องรหัสนิสิต ชื่อ นามสกุล ระบบใช้ข้อมูลจากทะเบียนแทน (ตาม README) บันทึกแล้วเข้า /foundPage | G3: Pass | H3: ไม่ตรง: คู่มือบอกให้กรอกรหัสนิสิต ชื่อ นามสกุล แต่หน้าจอไม่มีช่องเหล่านี้ (ตั้งใจออกแบบให้ใช้ข้อมูลทะเบียน) | I3: UM-02-create-password.png | J3: Claude (รันตาม TEST_PLAN) | K3: 46320
A4: UM-03 | B4: ข้อ 2 | C4: เข้าใช้ครั้งต่อไปและลืมรหัสผ่าน | D4: ออกจากระบบ → /signin → กรอกอีเมลและรหัสผ่าน | E4: เข้าใช้ด้วยอีเมลและรหัสผ่าน ถ้าลืมใช้ “ลืมรหัสผ่าน” | F4: เข้าสู่ระบบด้วยอีเมล + รหัสผ่านสำเร็จ ไปที่ /foundPage มีลิงก์ “ลืมรหัสผ่าน” (flow ลืมรหัสผ่านผ่านใน WEB otp-flow) | G4: Pass | H4: ตรง | I4: - | J4: Claude (รันตาม TEST_PLAN) | K4: 46320
A5: UM-04 | B5: ข้อ 3 | C5: แจ้งของหาย/แจ้งพบ | D5: เปิด /lostItem และ /foundItem ตรวจช่องข้อมูล | E5: ระบุประเภท วันที่ สถานที่ รายละเอียด (ยี่ห้อ รุ่น ตำหนิ) แนบ JPG/PNG/WebP เลือกสีจากสีแนะนำหรือตารางสี แยกลักษณะเฉพาะไว้ช่องข้อมูลยืนยัน | F5: ฟอร์มมี รูป (accept JPG/PNG/WebP ≤5 MB), สีสิ่งของ + “เลือกจากตารางสี”, วันที่, ชื่อ, หมวดหมู่, สถานที่ + แผนที่, รายละเอียดเพิ่มเติม, ช่อง “ตำหนิ/ลักษณะเฉพาะ (เห็นเฉพาะเจ้าหน้าที่)” แยกต่างหาก ฟอร์มแจ้งพบมีเลือกจุดรับฝาก ไม่มีช่องยี่ห้อ/รุ่น/เวลาแยก (ใส่ในรายละเอียดได้) | G5: Pass | H5: ตรงบางส่วน: ส่วนภาษาอังกฤษพูดถึง date/time และ brand/model เหมือนเป็นช่องแยก แต่ฟอร์มไม่มีช่องเวลา ยี่ห้อ รุ่น | I5: UM-04-lostItem.png, UM-04-foundItem.png | J5: Claude (รันตาม TEST_PLAN) | K5: 46320
A6: UM-05 | B6: ข้อ 3 | C6: หลังส่งมอบคืนแล้ว | D6: เจ้าของยื่นคำขอ → เจ้าหน้าที่อนุมัติ → ยืนยันส่งมอบ → ตรวจหน้ารายการ ประวัติ และประวัติการคืนของเจ้าหน้าที่ | E6: รายการของหายและของพบหายจากหน้ารายการโพสต์ เจ้าของยังดูได้ในประวัติ เจ้าหน้าที่ยังตรวจประวัติการคืนได้ | F6: หลังส่งมอบ: ไม่แสดงในหน้ารายการของหาย/ของพบ, หน้าประวัติของเจ้าของแสดง “สถานะ: คืนแล้ว”, หน้า /staff/returns-history ของเจ้าหน้าที่แสดงรายการ | G6: Pass | H6: ตรง | I6: UM-05-tracking-*.png, UM-05-history.png, UM-05-staff-returns-history.png | J6: Claude (รันตาม TEST_PLAN) | K6: 46320
A7: UM-06 | B7: ข้อ 4 | C7: หน้ารายการ ค้นหา กรอง เปลี่ยนหน้า | D7: เปิด /lostPage และ /foundPage กดตัวกรอง ก่อนหน้า/ถัดไป เปิดรายละเอียด | E7: กด “รายการของหาย” / “รายการของพบ” เพื่อเปลี่ยนหน้า กรองและค้นหาแล้วใช้ปุ่มก่อนหน้า/ถัดไป หากเห็น “รายละเอียดถูกปกปิด” เป็นการป้องกันการแอบอ้าง | F7: มีตัวกรองด่วน (ทั้งหมด กระเป๋า กุญแจ …) ปุ่ม ‹ ก่อนหน้า / ถัดไป › และตัวบอกหน้า ลิงก์เปลี่ยนหน้าชื่อ “รายการของที่พบล่าสุด / รายการของที่หายล่าสุด” หน้ารายละเอียดแสดง “ปกปิดข้อมูลผู้แจ้ง” ไม่ใช่ “รายละเอียดถูกปกปิด” | G7: Pass | H7: ไม่ตรง: ชื่อปุ่มเปลี่ยนหน้าและข้อความปกปิดต่างจากคู่มือ | I7: UM-06-*.png | J7: Claude (รันตาม TEST_PLAN) | K7: 46320
A8: UM-07 | B8: ข้อ 5 | C8: หน้าแจ้งเตือน | D8: เปิด /notifications | E8: แสดงคู่ที่อาจตรงกันและการแจ้งเตือนจากระบบ เปิดรายการจากปุ่มข้างรีเฟรช คะแนนเป็นเพียงความคล้าย | F8: แสดง “พบคู่สิ่งของใหม่” พร้อมปุ่ม “ดูคู่ที่ตรงกัน” มีปุ่ม “รีเฟรชผลจับคู่” “อ่านทั้งหมด” “อ่านแล้ว” | G8: Pass | H8: ตรง | I8: UM-07-notifications.png | J8: Claude (รันตาม TEST_PLAN) | K8: 46320
A9: UM-08 | B9: ข้อ 5 | C9: Claim โดยไม่ลงประกาศของหาย + ติดตาม | D9: ผู้ใช้ใหม่ (ไม่มีประกาศของหาย) เปิดของพบ → กดยืนยันความเป็นเจ้าของ → กรอกลักษณะเฉพาะ → ส่ง → เปิด “จุดรับฝากและการติดตาม” | E9: กด Claim ได้แม้ยังไม่ลงประกาศของหาย ระบุลักษณะเฉพาะ รอเจ้าหน้าที่ตรวจ หน้าติดตามแสดงวันเวลาที่ยื่นและสถานะ | F9: ฟอร์มแจ้ง “ยังไม่ได้ลงประกาศของหายก็ส่งคำขอได้” ส่งสำเร็จ “ส่งคำขอแล้ว เจ้าหน้าที่จะตรวจสอบหลักฐาน…” หน้าติดตามแสดง “คำขอ #1 — รอตรวจสอบ · คำขอโดยไม่ลงประกาศของหาย · ยื่นคำขอเมื่อ 25 ต.ค. 2569 17:42” และจุดรับคืน/เวลาเปิด ปุ่มบนหน้าจอชื่อ “ยืนยันความเป็นเจ้าของ” | G9: Pass | H9: ตรงบางส่วน: ส่วนภาษาไทยเรียกปุ่มว่า “Claim” แต่หน้าจอใช้ “ยืนยันความเป็นเจ้าของ” | I9: UM-08-direct-claim.png, UM-08-tracking-pending.png | J9: Claude (รันตาม TEST_PLAN) | K9: 46320
A10: UM-09 | B10: ข้อ 5 | C10: สถานะ “ยืนยันเจ้าของแล้ว · รอส่งมอบ” และ “คืนแล้ว” | D10: เจ้าหน้าที่อนุมัติ แล้วยืนยันส่งมอบ ตรวจหน้าติดตามของเจ้าของ | E10: หลังอนุมัติ: “ยืนยันเจ้าของแล้ว · รอส่งมอบ” (ยังไม่ใช่คืนแล้ว) หลังส่งมอบจริง: “คืนแล้ว” | F10: หลังอนุมัติ: “คำขอ #2 — ยืนยันเจ้าของแล้ว · รอส่งมอบ” หลังส่งมอบ: “คำขอ #2 — รับคืนแล้ว · ส่งมอบคืนเมื่อ …” (หน้าประวัติแสดง “คืนแล้ว”) | G10: Pass | H10: ตรงบางส่วน: หน้าติดตามใช้คำ “รับคืนแล้ว” ส่วนคู่มือใช้ “คืนแล้ว” | I10: UM-05-tracking-approved.png, UM-05-tracking-returned.png | J10: Claude (รันตาม TEST_PLAN) | K10: 46320
A11: UM-10 | B11: ข้อ 6 | C11: เมนูโปรไฟล์ | D11: เปิด /profile | E11: มี รายการของฉัน การติดตาม ความเป็นส่วนตัว และออกจากระบบ ไม่ซ้ำใน navbar | F11: หน้าโปรไฟล์มีครบ 4 เมนู navbar ด้านบนไม่มีเมนูเหล่านี้ซ้ำ | G11: Pass | H11: ตรง | I11: UM-09-profile.png | J11: Claude (รันตาม TEST_PLAN) | K11: 46320
A12: UM-11 | B12: ข้อ 6–7 | C12: รูปโปรไฟล์ | D12: เลือกรูป → บันทึกโปรไฟล์ → โหลดหน้าใหม่ | E12: รูปบันทึกไฟล์ใน backend/assets/profileUploads และเส้นทางใน users.profile_image แก้/ลบผ่านปุ่มในโปรไฟล์ | F12: profile_image = /assets/profileUploads/<uuid>.png แสดงรูปหลังโหลดหน้าใหม่ มีปุ่มลบรูป | G12: Pass | H12: ตรง | I12: UM-10-profile-photo.png | J12: Claude (รันตาม TEST_PLAN) | K12: 46320
A13: UM-12 | B13: ข้อ 7 | C13: ข้อมูลตัวตนแก้เองไม่ได้ / ขอแก้ไขผ่าน Privacy | D13: ตรวจช่องชื่อ อีเมล รหัส → ไป Privacy เลือก “ขอแก้ไข” → ส่ง | E13: ชื่อ/นามสกุล อีเมล รหัสผู้ใช้ไม่ให้แก้เอง ยื่น “ขอแก้ไข” ในหน้า Privacy ให้แอดมินตรวจ | F13: ช่องชื่อ นามสกุล รหัส อีเมล เป็น disabled ส่งคำขอแก้ไขแล้วแสดง “บันทึกคำขอแล้ว ผู้ดูแลต้องตรวจสอบและตอบกลับ · #1 correction: pending” | G13: Pass | H13: ตรง | I13: UM-11-privacy-request.png | J13: Claude (รันตาม TEST_PLAN) | K13: 46320
... A20: UM-19 | B20: Troubleshooting | C20: OTP: 503 เมื่อบริการอีเมลยังไม่พร้อม | D20: - | E20: 503 หมายถึงบริการอีเมลยังไม่พร้อม | F20: ไม่ได้จำลองการปิดบริการอีเมลในรอบเดินตามคู่มือ (ชุด unit มีเฉพาะ Google login ตอบ 503 เมื่อปิด ไม่ใช่ OTP) | G20: Not Run | H20: ยังไม่ได้ตรวจ | I20: - | J20: Claude (รันตาม TEST_PLAN) | K20: 46320

Sheet ขั้นตอนตาม Test Plan
A1: ขั้นที่ | B1: สิ่งที่ TEST_PLAN กำหนด | C1: สิ่งที่ทำและผล | D1: สถานะ
A2: 1 | B2: วิเคราะห์ routes, controllers, schema, env, startup, สถานะ Git โดยไม่แสดง secrets | C2: อ่าน routes/controllers/validation/schema; ตรวจเฉพาะการมีอยู่ของค่า env (ไม่แสดงค่า); Git branch docs/manual-test-cases มีไฟล์ที่ยังไม่ commit เดิมของผู้ใช้และงานรอบก่อน | D2: ทำแล้ว
A3: 2 | B3: รัน Node unit/integration ทุกไฟล์ test/*.test.cjs บน PGlite แยก | C3: 304 tests: ผ่าน 298, ไม่ผ่าน 0, ข้าม 2 (symlink บน Windows, smoke โมเดล DINOv2 แบบเลือกเปิด), TODO 4 (บั๊กที่บันทึกไว้) | D3: ทำแล้ว
A4: 3 | B4: รัน Playwright ทุก spec ผ่าน Edge ตาม config จริง | C4: 179 tests ตามสถิติผ่านทั้งหมด แต่ 2 ใน 179 เป็นกรณีที่ทำเครื่องหมาย “คาดว่าล้มเหลว” (บั๊ก BUG-04, BUG-05 ยังอยู่) | D4: ทำแล้ว
A5: 4 | B5: อ่านยอด/ความสัมพันธ์/constraints/รูปของฐาน local จริงแบบไม่เขียน | C5: data-quality (READ ONLY) + OP-01..21: session ฐานข้อมูลบังคับ read-only ยอดก่อน/หลังเท่ากัน พบประกาศไม่มีผู้แจ้ง 12 รายการ และไม่มีเจ้าหน้าที่/ผู้ดูแลที่เปิดใช้ | D5: ทำแล้ว
A6: 5 | B6: ทดสอบ startup/API/persistence ด้วย PostgreSQL ชั่วคราวแยก | C6: 153 tests ผ่านทั้งหมด สร้างฐาน foundlost_test_<random> 4 ฐานและลบหลังจบ ยอดฐานจริงก่อน/หลังไม่เปลี่ยน (เครื่องมือ auto-test แสดง BLOCKED เพราะอ่านผลแบบ TAP ไม่ได้ ไม่ใช่ติดข้อจำกัดจริง) | D6: ทำแล้ว
A7: 6 | B7: วัด performance เบื้องต้นแบบ bounded ในฐานแยก | C7: OP-17: /health 20 ครั้ง สูงสุด 19 ms เฉลี่ย 13 ms (ไม่ใช่ load test) ไม่ได้รัน test/performance.cjs เพราะใช้ backend/.env ซึ่งชี้ฐานจริง | D7: ทำบางส่วน
A8: 7 | B8: รวมผลราย test case พร้อมหลักฐาน ไม่ข้ามกรณีล้มเหลว | C8: ชีต Test Cases (เอกสาร) ครบ 436 กรณี + ชีต User Manual + ชีตผลที่ไม่อยู่ในเอกสาร | D8: ทำแล้ว
A9: ความปลอดภัย | B9: ไม่เปิดเผยรหัสผ่าน/token/ข้อมูลจริง ไม่ส่งอีเมลจริง ไม่รัน migration กับฐานจริง | C9: ปฏิบัติตามทั้งหมด: ใช้บัญชีสังเคราะห์ ดักอีเมลไว้ ไม่เขียนฐานจริง | D9: ทำแล้ว

Sheet ผลที่ไม่อยู่ในเอกสาร
A1: ชุดทดสอบ | B1: ชื่อ test | C1: สถานะ | D1: หมายเหตุ
A2: Playwright/Edge | B2: item detail text meets WCAG AA colour contrast | C2: Fail (TODO) | D2: BUG-05: สีตัวอักษรหน้ารายละเอียดต่ำกว่า 4.5:1
A3: Playwright/Edge | B3: unknown URLs show a not-found page with a way back | C3: Fail (TODO) | D3: BUG-04: ไม่มี route สำหรับ URL ที่ไม่รู้จัก หน้าเว็บว่าง
A4: Node unit/integration (PGlite) | B4: API-DETAIL-01 item detail validates the id, requires login and returns 404 for unknown ids | C4: Pass
A5: Node unit/integration (PGlite) | B5: API-DETAIL-02 only the owner sees coordinates; nobody receives private details or student id | C5: Pass
A6: Node unit/integration (PGlite) | B6: API-HIST-01 history requires login and lists only the caller's own reports | C6: Pass
A7: Node unit/integration (PGlite) | B7: API-HIST-02 the owner's history shows their own private details decrypted; others never see them | C7: Pass
A8: Node unit/integration (PGlite) | B8: API-ITEM-01 creating a report requires a signed-in session | C8: Pass
A9: Node unit/integration (PGlite) | B9: API-ITEM-02 valid lost and found reports with a photo return 201 and keep the photo | C9: Pass
A10: Node unit/integration (PGlite) | B10: API-ITEM-03 invalid report fields are rejected with 400 and the uploaded photo is removed | C10: Pass
A11: Node unit/integration (PGlite) | B11: API-ITEM-04 boundary values are accepted (255-char name, leap day, 23:59, geographic extremes) | C11: Pass
A12: Node unit/integration (PGlite) | B12: API-ITEM-05 found reports require an active collection point | C12: Pass
A13: Node unit/integration (PGlite) | B13: API-ITEM-06 unsupported or spoofed images are rejected with 400 | C13: Pass
A14: Node unit/integration (PGlite) | B14: API-ITEM-07 photos larger than 5 MB are rejected with 400 | C14: Pass
A15: Node unit/integration (PGlite) | B15: API-ITEM-10 a lost/found date in the future is rejected | C15: Pass
... A101: PostgreSQL ฐานชั่วคราว | B101: unlisted and inactive emails cannot request setup/reset OTP or create accounts through legacy grants | C101: Pass

Sheet ข้อค้นพบ
A1: หมวด | B1: อ้างอิง | C1: สิ่งที่พบ | D1: ระดับ | E1: สิ่งที่ควรทำ
A2: ข้อมูลจริง | B2: OP-03 / DATA-OWNERS | C2: ประกาศของหาย 7 และของพบ 5 รายการในฐานจริงไม่มีผู้แจ้ง (student_id ว่าง) | D2: สูง | E2: ต้องหา mapping ผู้แจ้งที่ยืนยันได้ ห้ามสุ่มผูกบัญชี
A3: ข้อมูลจริง | B3: OP-04 | C3: ฐานจริงมีเฉพาะนิสิต 59 บัญชี ไม่มีเจ้าหน้าที่ที่เปิดใช้งานและไม่มีผู้ดูแล (admin) ที่เปิดใช้งาน และไม่มีจุดรับฝาก (0) | D3: สูง | E3: สร้าง/เปิดใช้บัญชีเจ้าหน้าที่และผู้ดูแล และเพิ่มจุดรับฝากก่อนใช้งานจริง
A4: คู่มือ | B4: UM-15 | C4: คู่มือบอกว่าเพิ่มจุดฝากโดยเลือกหมุด/ค้นหาจากแผนที่ได้ แต่ฟอร์มไม่มีแผนที่ | D4: กลาง | E4: เพิ่มแผนที่ในฟอร์ม หรือแก้คู่มือ
A5: คู่มือ | B5: UM-17 | C5: ทำตามคู่มือ (สลับภาษา) แล้วค่าในฟอร์มแจ้งหายหาย เพราะปุ่มภาษาอยู่ในหน้าโปรไฟล์ | D5: กลาง | E5: เพิ่มปุ่มภาษาในหน้าฟอร์ม/เก็บร่าง หรือแก้คู่มือ
A6: คู่มือ | B6: UM-01, 02, 06, 08, 09, 16 | C6: ชื่อปุ่ม/ข้อความในคู่มือไม่ตรงหน้าจอ และคู่มือบอกให้กรอกรหัสนิสิต ชื่อ นามสกุลตอนสมัคร ซึ่งหน้าจอไม่มี | D6: ต่ำ | E6: อัปเดต USER_MANUAL.md ให้ตรงหน้าจอปัจจุบัน
A7: บั๊กเดิม | B7: BUG-01 | C7: ส่งรูปผิดชื่อฟิลด์หรือหลายรูปได้ HTTP 500 แทน 4xx (TODO ใน qa-items-api) | D7: ต่ำ | E7: แปลง error ของ multer เป็น 400
A8: บั๊กเดิม | B8: BUG-03 | C8: อักขระ % และ _ ในช่องค้นหาไม่ถูก escape | D8: ต่ำ | E8: escape ก่อนใช้ใน ILIKE
A9: บั๊กเดิม | B9: BUG-04 | C9: URL ที่ไม่รู้จักแสดงหน้าเว็บว่าง | D9: ต่ำ | E9: เพิ่ม route * พร้อมลิงก์กลับ
A10: บั๊กเดิม | B10: BUG-05 | C10: สีตัวอักษรหน้ารายละเอียดสิ่งของต่ำกว่าเกณฑ์ WCAG AA | D10: กลาง | E10: ปรับสีใน ItemDetail.css
A11: PDPA | B11: EXT-03 / ประกาศ | C11: ยังไม่ตั้งชื่อ/อีเมลผู้ควบคุมข้อมูล และยังไม่อนุมัติประกาศความเป็นส่วนตัว | D11: สูง | E11: ให้ผู้มีอำนาจกำหนดและอนุมัติ
A12: เครื่องมือทดสอบ | B12: auto-test postgres | C12: tools/auto-test.cjs รายงาน postgres เป็น BLOCKED ทั้งที่รันผ่าน 153/153 เพราะอ่านผลแบบ TAP แต่ Node พิมพ์แบบ spec | D12: ต่ำ | E12: ส่ง --test-reporter=tap ให้ขั้น unit/postgres
A13: ดีขึ้นจากเอกสาร | B13: OP-06, OP-19, QA-04 | C13: เดิม FAIL (รูปหาย 2 ไฟล์, CORS ตอบ 500, dependency high 2 รายการ) รอบนี้ผ่านทั้งหมด | D13: - | E13: -
